pid,ae_b_20,ae_b_60,ae_b_120,ae_b_250,ae_c_20,ae_c_60,ae_c_120,ae_c_250,rel20,win20,rel60,win60,rel120,win120,rel250,win250,gap_pct,group,abs_gap,gap_q,direction
P11001,4.725274725274725,7.857142857142857,7.967032967032967,14.157509157509157,4.982940785614126,7.770064525115184,8.037261739318623,14.068004174983544,0.05452932904857081,False,-0.011082696803522005,True,0.008814921762751312,False,-0.006322085441007054,True,4.700683005222985,เนื้อสัตว์,4.700683005222985,Q1 (smallest gap),price ROSE since training
P11002,3.076923076923077,3.772893772893773,5.476190476190476,10.989010989010989,3.21251703618647,3.912195003076351,5.605512402433178,11.083410186208647,0.044068036760602655,False,0.0369215881940231,False,0.023615308270406473,False,0.008590326944986907,False,1.5712162919295534,เนื้อสัตว์,1.5712162919295534,Q1 (smallest gap),price ROSE since training
P11003,4.670329670329671,7.8388278388278385,11.556776556776557,13.956043956043956,5.061049464858058,7.973125695308923,11.616020146743718,14.009119250398852,0.08366000306372538,False,0.017132390102493476,False,0.005126307467839985,False,0.0038030329025948943,False,-3.742103117994709,เนื้อสัตว์,3.742103117994709,Q1 (smallest gap),price FELL since training
P11004,4.670329670329671,7.8388278388278385,11.556776556776557,13.992673992673993,5.061078557164678,7.973142435262491,11.616016290126703,13.993691748315161,0.08366623223996632,False,0.017134525619934653,False,0.005125973757397793,False,7.273489268035588e-05,False,-3.742103117994709,เนื้อสัตว์,3.742103117994709,Q1 (smallest gap),price FELL since training
P11005,3.8095238095238093,6.336996336996337,8.424908424908425,11.025641025641026,3.995993366171589,6.4719964890252974,8.59247088868976,11.137301043276386,0.04894825862004216,False,0.021303492198789763,False,0.019888935918393278,False,0.010127303925067568,False,10.939549439675991,เนื้อสัตว์,10.939549439675991,Q2,price ROSE since training
P11011,0.47619047619047616,1.2087912087912087,1.9963369963369964,2.490842490842491,1.0504322820530707,1.7003887022807922,2.8866139226780705,3.439789517021878,,False,0.4066851991595645,False,0.4459552309928683,False,0.3809743208043716,False,15.466013344453714,เนื้อสัตว์,15.466013344453714,Q2,price ROSE since training
P11012,1.7216117216117217,3.9194139194139193,4.413919413919414,1.9963369963369964,2.185096014113653,4.536519592061584,4.680337423806662,3.706764137351906,0.2692153443681431,False,0.15744845666617988,False,0.060358603069891076,False,0.8567827697193952,False,15.207780725022108,เนื้อสัตว์,15.207780725022108,Q2,price ROSE since training
P11013,0.3663003663003663,1.098901098901099,2.197802197802198,4.4322344322344325,0.8089432768769317,1.518941383222084,2.2439564575642454,2.104732695079985,,False,0.3822366587320963,False,0.021000188191731592,False,-0.5251305572257555,True,21.54850746268656,เนื้อสัตว์,21.54850746268656,Q3,price ROSE since training
P11014,1.465201465201465,3.9194139194139193,3.241758241758242,2.2161172161172162,1.9049342228816106,3.389879415323446,2.9956156133295417,2.2233290060972557,0.3001176071166993,False,-0.13510553235205536,True,-0.07592874300681934,True,0.0032542457265302034,False,11.39257592800899,เนื้อสัตว์,11.39257592800899,Q2,price ROSE since training
P11015,0.7326007326007326,1.52014652014652,2.6373626373626373,3.717948717948718,0.9221316047640511,1.6562892089396606,2.4684287829276843,2.6039951031024637,0.2587096405029298,False,0.08955892539886111,False,-0.06405408647325302,True,-0.299615110200027,True,7.353244078269814,เนื้อสัตว์,7.353244078269814,Q1 (smallest gap),price ROSE since training
P11018,1.2454212454212454,2.3076923076923075,2.7655677655677655,5.65934065934066,1.7659212049547133,3.1660237853780333,5.079971481155563,7.690903743981441,0.41793084986069623,False,0.3719436403304812,False,0.8368638600734685,False,0.3589752246646818,False,16.0339332583427,เนื้อสัตว์,16.0339332583427,Q2,price ROSE since training
P11020,0.10695963988810668,0.3084247784736829,0.47142844671731465,0.3857143195994171,0.23530833625094794,0.35632195140852596,0.528886473659194,0.44265792570708,,False,,False,,False,,False,24.624135848043487,เนื้อสัตว์,24.624135848043487,Q3,price ROSE since training
P11021,0.10695974468748211,0.3084250230055589,0.47142863535619045,0.38571425322647934,0.24672820017887995,0.35485071140331226,0.5452686019869515,0.43310136498112384,,False,,False,,False,,False,26.24609753471847,เนื้อสัตว์,26.24609753471847,Q3,price ROSE since training
P11022,0.10695963988810668,0.3084247784736829,0.47142844671731465,0.3857143195994171,0.2292234487149305,0.35654961582505224,0.5322263057415302,0.48426885220594024,,False,,False,,False,,False,27.663262614462823,เนื้อสัตว์,27.663262614462823,Q3,price ROSE since training
P11025,0.09010994390690283,0.2842492218855973,0.41684998173416754,0.28717954516847494,0.16228351662883828,0.2870543693011497,0.31808087065979673,0.14236443907349974,,False,,False,,True,,True,30.297541555819723,เนื้อสัตว์,30.297541555819723,Q3,price ROSE since training
P11026,0.09010987753396506,0.2842490804064405,0.4168498524816045,0.285714355580536,0.16210047753302606,0.2865335583250165,0.3180319241115025,0.14076247931400063,,False,,False,,True,,True,32.701904470923715,เนื้อสัตว์,32.701904470923715,Q3,price ROSE since training
P11027,0.09010987054734003,0.28424900879353393,0.41684961842966606,0.2871793521629585,0.1382513308263087,0.27399418030903017,0.3177183434203431,0.1350215616680327,,False,,True,,True,,True,37.17940102591669,เนื้อสัตว์,37.17940102591669,Q3,price ROSE since training
P11028,0.09010991072043395,0.2842491511460189,0.4168499206011985,0.2871795294485686,0.15490144338363257,0.2797682267842275,0.3018182310865912,0.1364770599337288,,False,,True,,True,,True,35.23930837638291,เนื้อสัตว์,35.23930837638291,Q3,price ROSE since training
P11029,0.09010987578730881,0.28424901927347146,0.41684969528254134,0.28571420449476975,0.13387402859362926,0.2706983430044992,0.3009607547368759,0.12034080142066592,,False,,True,,True,,True,39.5501835985312,เนื้อสัตว์,39.5501835985312,Q4 (largest gap),price ROSE since training
P11030,0.09010987928062132,0.28424905507992476,0.4168498158018231,0.2871794892754747,0.14632129494523827,0.27675278457529817,0.30232926515432507,0.136318883616409,,False,,True,,True,,True,40.126361070036296,เนื้อสัตว์,40.126361070036296,Q4 (largest gap),price ROSE since training
P11037,4.816849816849817,9.084249084249084,10.934065934065934,13.663003663003662,5.367454109611092,9.204138703398652,11.254007276597914,13.663077805068466,0.11430796344017356,False,0.013197526624125806,False,0.02926096700543734,False,5.426483563406361e-06,False,-3.992468071171264,เนื้อสัตว์,3.992468071171264,Q1 (smallest gap),price FELL since training
P11038,4.816849816849817,9.084249084249084,10.934065934065934,13.663003663003662,5.366548978365385,9.202061440045144,11.25191637535235,13.662293486542755,0.11412005406368836,False,0.012968860134001763,False,0.0290697388513204,False,-5.197806268843155e-05,True,-3.9977077989412138,เนื้อสัตว์,3.9977077989412138,Q1 (smallest gap),price FELL since training
P12001,3.9194139194139193,8.901098901098901,9.89010989010989,8.131868131868131,4.051487961094895,9.064071599380437,10.055289244040464,8.071382068452381,0.03369739568122093,False,0.01830927844891326,False,0.016701468008535808,False,-0.007438151041666558,True,-5.554045483374104,สัตว์น้ำ,5.554045483374104,Q1 (smallest gap),price FELL since training
P12002,3.9194139194139193,8.901098901098901,9.89010989010989,8.131868131868131,4.177174886067708,9.1595703795716,10.687449193262792,9.007085611532023,0.0657651812116676,False,0.029038153754340146,False,0.08061986287434887,False,0.1076280954721813,False,-4.564370609581518,สัตว์น้ำ,4.564370609581518,Q1 (smallest gap),price FELL since training
P12003,3.9194139194139193,8.901098901098901,9.89010989010989,8.131868131868131,3.9719167856069713,8.907769004067221,9.864306551196199,8.183682787549365,0.013395591094115138,False,0.0007493572470581531,False,-0.0026090042679399257,True,0.00637180225269229,False,-4.265089452995855,สัตว์น้ำ,4.265089452995855,Q1 (smallest gap),price FELL since training
P12004,2.4175824175824174,5.054945054945055,5.787545787545787,4.615384615384615,2.48249990162832,5.18956535814446,6.049408741486379,4.982782496637477,0.026852232037168706,False,0.026631407806838835,False,0.04524594077581102,False,0.07960287427145349,False,-3.3143705169428617,สัตว์น้ำ,3.3143705169428617,Q1 (smallest gap),price FELL since training
P12005,2.7472527472527473,8.608058608058608,12.893772893772894,11.428571428571429,3.2094758421510132,9.047299060192737,13.205665169181405,11.99488293993604,0.16824920654296882,False,0.05102665677983713,False,0.02418937249617141,False,0.04955225724440353,False,-2.223055998499204,สัตว์น้ำ,2.223055998499204,Q1 (smallest gap),price FELL since training
P12012,4.010989010989011,8.58974358974359,11.611721611721611,9.340659340659341,4.271847400036487,8.64690911988199,10.901765984056633,8.380617288442759,0.06503592713238439,False,0.006655091568351069,False,-0.061141289070201624,True,-0.10278097264906944,True,0.0649810964083115,สัตว์น้ำ,0.0649810964083115,Q1 (smallest gap),price ROSE since training
P12019,2.4542124542124544,4.029304029304029,4.798534798534798,6.813186813186813,4.344747270856585,5.702459733564775,10.354756142193581,12.983136159596425,0.7703223954385786,False,0.4152468247847125,False,1.1578995624571358,False,0.9055893395536689,False,2.825126262626263,สัตว์น้ำ,2.825126262626263,Q1 (smallest gap),price ROSE since training
P13001,6.153846153846154,8.406593406593407,9.285714285714286,8.91941391941392,6.286577046572507,8.354299849206274,9.166754359290714,8.69661801027291,0.021568770068032338,False,-0.006220540813371328,True,-0.012811068999461684,True,-0.024978761065911917,True,-22.803483618697797,ผักสด,22.803483618697797,Q3,price FELL since training
P13002,6.413919413919414,9.688644688644688,10.43956043956044,9.915750915750916,6.448974057431623,9.537273260263296,10.220222396291655,9.557209000919329,0.005465401301446564,False,-0.015623591662805284,True,-0.02101027572364147,True,-0.03615882628334809,True,-10.745273540962636,ผักสด,10.745273540962636,Q2,price FELL since training
P13003,5.732600732600733,5.622710622710622,6.391941391941392,7.106227106227106,5.89022602877774,5.461461741409022,6.097781100989262,6.824875304113815,0.027496297671771953,False,-0.02867813980152238,True,-0.046020492509989484,True,-0.039592289678829135,True,48.80091358964598,ผักสด,48.80091358964598,Q4 (largest gap),price ROSE since training
P13004,5.593406593406593,5.644688644688645,6.326007326007326,7.010989010989011,5.715227602165697,5.353525022010664,5.87603525015024,6.87879997644669,0.021779394493277978,False,-0.05158187475086883,True,-0.07113050185812647,True,-0.018854548814030158,True,47.3051845619939,ผักสด,47.3051845619939,Q4 (largest gap),price ROSE since training
P13005,5.238095238095238,4.945054945054945,5.805860805860806,5.970695970695971,5.1651176166185095,4.803058271443014,5.507560405102405,5.581097435165238,-0.013932091372830004,True,-0.02871488288596834,True,-0.05137918574576874,True,-0.06525177926373626,True,25.75277949351452,ผักสด,25.75277949351452,Q3,price ROSE since training
P13006,5.377289377289378,5.553113553113553,6.391941391941392,6.197802197802198,5.277916248028095,5.327394555339883,5.998784299298521,5.677333175044357,-0.018480152784966022,True,-0.040647286538398275,True,-0.061508244293125465,True,-0.08397638487759494,True,19.462510385926716,ผักสด,19.462510385926716,Q3,price ROSE since training
P13007,16.53846153846154,29.395604395604394,18.9010989010989,16.53846153846154,16.281016772483294,27.824743857750526,17.027431774488736,14.406511642120696,-0.01556642771031253,True,-0.05343862016624373,True,-0.0991300630939099,True,-0.12890859838339985,True,2.926462290765463,ผักสด,2.926462290765463,Q1 (smallest gap),price ROSE since training
P13008,16.95970695970696,32.16117216117216,21.483516483516482,17.83882783882784,16.572088346376525,31.220951331840766,20.188145494286395,16.31266537341443,-0.02285526596959153,True,-0.02923465676622674,True,-0.060296040930914514,True,-0.08555284457040267,True,10.60772785864746,ผักสด,10.60772785864746,Q2,price ROSE since training
P13009,4.670329670329671,7.087912087912088,6.941391941391942,6.227106227106227,4.453397750854492,6.701642074864426,6.538092099703276,5.713635979117928,-0.04644895216997938,True,-0.05449700959277082,True,-0.05810071597942259,True,-0.08245728100047392,True,0.7048567100503862,ผักสด,0.7048567100503862,Q1 (smallest gap),price ROSE since training
P13010,4.912087912087912,7.183150183150183,7.183150183150183,6.454212454212454,4.762009652106316,6.857398525699154,6.81282362745795,5.8210876311138,-0.03055284487321081,True,-0.04534941483127534,True,-0.05155489531054545,True,-0.09809482219405942,True,7.716472199914974,ผักสด,7.716472199914974,Q1 (smallest gap),price ROSE since training
P13011,3.5238095238095237,6.743589743589744,8.758241758241759,5.6996336996337,3.614811537466643,6.4446532141157995,7.998924031799093,4.734644257541978,0.02582489576756093,False,-0.044328991062676126,True,-0.08669750703423165,True,-0.16930727358035988,True,45.57574854759422,ผักสด,45.57574854759422,Q4 (largest gap),price ROSE since training
P13012,3.901098901098901,7.816849816849817,9.663003663003662,6.677655677655678,4.177201260577191,7.519851342225686,8.91360347873562,5.638077795287192,0.07077553440147719,False,-0.03799465022136253,True,-0.07755354446746608,True,-0.15568006686044802,True,43.10818231740802,ผักสด,43.10818231740802,Q4 (largest gap),price ROSE since training
P13013,5.8791208791208796,12.124542124542124,16.95970695970696,9.267399267399268,5.695202334896549,11.165846325102306,15.72151714366871,7.487257052690555,-0.03128334116712915,True,-0.07907068073929617,True,-0.07300773645322729,True,-0.19208649194287697,True,5.201845444059988,ผักสด,5.201845444059988,Q1 (smallest gap),price ROSE since training
P13014,6.813186813186813,13.699633699633699,18.571428571428573,10.347985347985349,6.62349612896259,12.637473361396092,16.758771050980677,9.042286338386955,-0.02784169720065205,True,-0.07753202468953657,True,-0.09760463571642516,True,-0.12617905473287133,True,10.003189313922302,ผักสด,10.003189313922302,Q2,price ROSE since training
P13015,7.289377289377289,14.139194139194139,11.227106227106226,10.989010989010989,6.2577258588630205,11.881980909969343,8.860595224541186,9.02118869054885,-0.14152806056803788,True,-0.15964228279232365,True,-0.21078548244706563,True,-0.1790718291600546,True,4.815400404981827,ผักสด,4.815400404981827,Q1 (smallest gap),price ROSE since training
P13016,8.611721611721611,16.24175824175824,12.615384615384615,12.571428571428571,7.191791031386826,13.689843635419349,9.686801072005387,10.58022197960934,-0.16488347444976456,True,-0.15712058807634585,True,-0.23214381746298757,True,-0.15839143344016618,True,10.685892269826413,ผักสด,10.685892269826413,Q2,price ROSE since training
P13017,12.454212454212454,19.926739926739927,16.575091575091577,18.278388278388277,11.775395340971894,18.540870911035782,14.926040942852314,14.7173857601571,-0.054505021151374414,True,-0.0695482061189764,True,-0.09948968455277761,True,-0.19482037825192614,True,32.046312482582145,ผักสด,32.046312482582145,Q3,price ROSE since training
P13018,13.58974358974359,23.05860805860806,18.791208791208792,21.17216117216117,12.99850079602811,20.759506043933687,16.31566000159407,16.978153661930516,-0.04350654519793157,True,-0.09970688641876146,True,-0.13173973090932153,True,-0.19809066614065204,True,31.13401231834468,ผักสด,31.13401231834468,Q3,price ROSE since training
P13019,9.523809523809524,12.857142857142858,11.703296703296703,9.633699633699633,8.824794084597857,12.116538896665467,10.81468419364957,8.674545258392781,-0.07339662111722506,True,-0.057602530259352566,True,-0.07592839284308826,True,-0.09956241234173789,True,31.36215686839301,ผักสด,31.36215686839301,Q3,price ROSE since training
P13020,9.714285714285714,13.6007326007326,13.216117216117215,10.282051282051283,9.20014297569191,12.837513542873955,12.046995414482367,9.356238120641464,-0.052926458384656164,True,-0.056116025530678744,True,-0.0884618214651645,True,-0.09004167903985766,True,30.87877502734313,ผักสด,30.87877502734313,Q3,price ROSE since training
P13021,7.893772893772894,7.728937728937729,9.652014652014651,7.069597069597069,7.508494387616168,7.248375965998723,8.480983035468357,5.7867072108901025,-0.04880790356416991,True,-0.06217694847504675,True,-0.12132509727405628,True,-0.1814657675787575,True,25.97766294382397,ผักสด,25.97766294382397,Q3,price ROSE since training
P13022,13.461538461538462,16.135531135531135,13.846153846153847,11.025641025641026,12.075280835776976,14.58309688498249,11.97643069033221,8.797050273462093,-0.10297913791371037,True,-0.09621215673093758,True,-0.13503556125378488,True,-0.20212799845343812,True,18.68133910812871,ผักสด,18.68133910812871,Q3,price ROSE since training
P13023,14.23076923076923,18.571428571428573,14.981684981684982,12.051282051282051,12.689878330999242,16.46482178405091,12.654945527240907,9.64942866454631,-0.10827881998383697,True,-0.11343267316648963,True,-0.1553055919470006,True,-0.19930272783551894,True,27.755038518403225,ผักสด,27.755038518403225,Q3,price ROSE since training
P13024,4.131868131868132,6.549450549450549,5.633699633699634,4.941391941391942,3.9773492219247224,6.1064333094782,4.950938361031668,4.50686278011336,-0.037396863842686964,True,-0.06764189402262374,True,-0.12119234553859208,True,-0.08793659082954253,True,73.65615282096846,ผักสด,73.65615282096846,Q4 (largest gap),price ROSE since training
P13025,3.8754578754578755,6.402930402930403,5.8901098901098905,4.882783882783883,3.9218609429104423,6.194802783784413,5.483690562265696,4.539225581801418,0.011973570335114127,False,-0.032505057223601516,True,-0.06900029633175683,True,-0.07036115241426336,True,68.19980356391187,ผักสด,68.19980356391187,Q4 (largest gap),price ROSE since training
P13026,1.750915750915751,5.102564102564102,6.586080586080586,3.948717948717949,2.4361915658245157,4.119660255236504,4.287502058259734,1.471476471031105,0.39138137546044516,False,-0.19262939721495653,True,-0.34900552730539075,True,-0.6273533612323826,True,9.926884139482562,ผักสด,9.926884139482562,Q2,price ROSE since training
P13027,2.1758241758241756,6.413919413919414,8.282051282051283,4.934065934065934,2.629540789258349,5.746922272902268,6.16305046640473,2.9138420545137844,0.20852632233590793,False,-0.10399212992443221,True,-0.2558545876477262,True,-0.4094440379493221,True,12.521588946459408,ผักสด,12.521588946459408,Q2,price ROSE since training
P13028,3.6117216117216118,5.992673992673993,6.468864468864469,5.113553113553113,3.707485115135109,5.280115581694103,5.574754987444196,4.075986939035492,0.026514641411647853,False,-0.11890491821363686,True,-0.13821737736564807,True,-0.2029051329823141,True,1.896383186705768,ผักสด,1.896383186705768,Q1 (smallest gap),price ROSE since training
P13029,3.8315018315018317,6.058608058608058,6.102564102564102,5.501831501831502,3.6832921653440147,5.608257524259797,5.210720900650863,4.162493548550448,-0.03868187271614151,True,-0.07433234333559569,True,-0.14614237342275777,True,-0.2434349275936935,True,15.918391554474823,ผักสด,15.918391554474823,Q2,price ROSE since training
P13030,15.238095238095237,39.92673992673993,45.091575091575095,19.633699633699635,16.339261847974615,37.51817606831645,41.10512389018859,17.606302058740415,0.0722640587733342,False,-0.060324581041248555,True,-0.08840789423058625,True,-0.10326110782907968,True,37.57625527921163,ผักสด,37.57625527921163,Q3,price ROSE since training
P13031,15.238095238095237,39.92673992673993,45.091575091575095,19.23076923076923,16.40001737154447,38.69873533144102,42.43749519320198,16.663121653127146,0.07625114000760602,False,-0.030756445368495526,True,-0.05885977353825017,True,-0.1335176740373884,True,35.025906735751285,ผักสด,35.025906735751285,Q3,price ROSE since training
P13032,1.098901098901099,3.2967032967032965,6.593406593406593,11.336996336996338,1.72604739010989,4.080084804213527,7.458067604036995,15.322554368239183,0.5707031249999999,False,0.23762572394476997,False,0.13114025327894435,False,0.35155326091415084,False,16.712116085113152,ผักสด,16.712116085113152,Q2,price ROSE since training
P13033,0.0,0.0,0.0,0.0,0.5768455603183844,0.4996501866714422,1.1178180219489575,1.1785091567825485,,False,,False,,False,,False,80.94206521135366,ผักสด,80.94206521135366,Q4 (largest gap),price ROSE since training
P13034,0.0,0.0,0.0,0.0,0.4131768544514974,0.2005452935075585,1.4445906908084185,1.578152087145236,,False,,False,,False,,False,77.92164987286938,ผักสด,77.92164987286938,Q4 (largest gap),price ROSE since training
P13035,0.0,0.0,0.0,0.0,0.023671541458521135,0.03301486689529139,0.043208324865543796,0.05272323482639187,,False,,False,,False,,False,23.611257510277227,ผักสด,23.611257510277227,Q3,price ROSE since training
P13036,0.0,0.0,0.0,0.0,0.03063812185993125,0.039484132340539504,0.0508110584356846,0.061333443218971787,,False,,False,,False,,False,18.44475663168332,ผักสด,18.44475663168332,Q2,price ROSE since training
P13037,0.0,0.0,0.0,0.0,0.0023458519261398596,0.0007410660768166566,0.0018516844445532494,0.00601672602223826,,False,,False,,False,,False,27.960157126823795,ผักสด,27.960157126823795,Q3,price ROSE since training
P13038,0.0,0.0,0.0,0.0,0.021797092842968394,0.02269043415894002,0.026500740330734532,0.034058595315004006,,False,,False,,False,,False,-2.659494994770659,ผักสด,2.659494994770659,Q1 (smallest gap),price FELL since training
P13039,0.0,0.0,0.0,0.0,0.6593889019864819,0.1616163777781057,0.9374353807051103,1.3650279342036544,,False,,False,,False,,False,105.26149968494012,ผักสด,105.26149968494012,Q4 (largest gap),price ROSE since training
P13040,0.0,0.0,0.0,0.0,0.47958262936099544,0.07673398391667739,1.261056173415411,1.75486573718843,,False,,False,,False,,False,97.84805487198282,ผักสด,97.84805487198282,Q4 (largest gap),price ROSE since training
P13041,0.7326007326007326,0.7692307692307693,1.8681318681318682,4.249084249084249,1.6105222597226991,1.874541041615245,2.837064442617116,3.314845682500483,1.1983628845214844,False,1.4369033540998182,False,0.5186639075185739,False,-0.21986821437704154,True,46.66816749212066,ผักสด,46.66816749212066,Q4 (largest gap),price ROSE since training
P13042,0.0,0.0,0.0,0.0,0.000608416267367073,0.004712013971237909,0.0003542673020135789,0.0013974507649739583,,False,,False,,False,,False,9.638185573319062,ผักสด,9.638185573319062,Q2,price ROSE since training
P13043,0.9230769230769231,1.7032967032967032,1.228937728937729,1.2673992673992673,0.9173532030084631,1.6852658755613334,1.1988375868116106,1.2049569332555974,-0.00620069674083167,True,-0.01058584079947517,True,-0.024492813116036766,True,-0.04926808445439855,True,-11.97928394505742,ผักสด,11.97928394505742,Q2,price FELL since training
P13044,0.6007326007326007,1.1611721611721613,0.9816849816849816,0.826007326007326,0.62244384542053,1.168738754459353,0.9729580387964354,0.8245307493122506,0.036141279267101804,False,0.006516340591177779,False,-0.00888975898721316,True,-0.0017876072627742014,True,-36.44935782799545,ผักสด,36.44935782799545,Q3,price FELL since training
P13045,13.186813186813186,30.32967032967033,29.12087912087912,16.043956043956044,13.37075195033035,28.71537565573668,26.577442644279955,13.42001440586188,0.013948689566718244,False,-0.053224933089841345,True,-0.08734064881906568,True,-0.16354704730586916,True,-14.349569447183333,ผักสด,14.349569447183333,Q2,price FELL since training
P13046,6.3003663003663,9.194139194139193,12.820512820512821,18.479853479853478,4.417550852010538,7.2327634930174,8.413392091408754,13.818281096853179,-0.2988422194192576,True,-0.2133289109188246,True,-0.3437554168701172,True,-0.25225158782142354,True,157.40087484125868,ผักสด,157.40087484125868,Q4 (largest gap),price ROSE since training
P13059,13.80952380952381,34.5970695970696,48.772893772893774,31.208791208791208,13.900491749410664,34.597796192099324,48.51444663582267,31.38705821613689,0.006587333578013543,False,2.1001635057173096e-05,False,-0.005298991244491978,True,0.005712076643822888,False,-49.89687838640892,ผักสด,49.89687838640892,Q4 (largest gap),price FELL since training
P13082,37.3992673992674,60.73260073260073,59.010989010989015,53.99267399267399,37.61561771714207,57.064842447693096,55.498406518509974,56.529496329171316,0.005784881173338407,False,-0.060391918683943564,True,-0.0595242098353059,True,0.046984565662399544,False,-54.21483537720932,ผักสด,54.21483537720932,Q4 (largest gap),price FELL since training
P13083,39.89010989010989,65.8974358974359,63.80952380952381,58.13186813186813,40.1060301392943,61.77422355120872,60.020096300285815,60.72523484561906,0.005412876770187614,False,-0.06257014844469257,True,-0.059386550517908886,True,0.04461179034996877,False,-52.74919541271928,ผักสด,52.74919541271928,Q4 (largest gap),price FELL since training
P13084,22.49084249084249,41.61172161172161,49.08424908424909,40.54945054945055,20.916422078897664,37.75544818417057,45.392913692600125,33.99624415806362,-0.07000273167116242,True,-0.09267276810928127,True,-0.07520407178508708,True,-0.1616102389203823,True,-38.43900595294341,ผักสด,38.43900595294341,Q3,price FELL since training
P13085,23.6996336996337,43.498168498168496,53.35164835164835,44.13919413919414,22.35979980077499,39.86440404256185,49.381604498559305,36.69885994488503,-0.05653394967363647,True,-0.08353833232678856,True,-0.07441276841011393,True,-0.16856524772169185,True,-39.85459860753164,ผักสด,39.85459860753164,Q4 (largest gap),price FELL since training
P13086,5.091575091575091,8.498168498168498,13.772893772893774,11.758241758241759,4.875044393015432,8.271378443791317,13.417312105060061,11.514854724590595,-0.042527252307041054,True,-0.026686933122832105,True,-0.025817498754947755,True,-0.020699271086220477,True,45.74944071588367,ผักสด,45.74944071588367,Q4 (largest gap),price ROSE since training
P13087,9.010989010989011,10.604395604395604,12.06959706959707,18.882783882783883,9.238690065376925,10.4819824442322,11.895846021044385,18.006228757865262,0.025269263352805126,False,-0.011543624429916874,True,-0.014395762141087386,True,-0.04642086306552542,True,83.63751673595941,ผักสด,83.63751673595941,Q4 (largest gap),price ROSE since training
P13088,22.82051282051282,34.15750915750916,38.15018315018315,26.575091575091577,23.09834462819082,33.84907492613181,35.30237506684803,29.352014842050853,0.012174652246563967,False,-0.009029763556677306,True,-0.07464729781569744,True,0.10449345994209266,False,-45.226309113969926,ผักสด,45.226309113969926,Q4 (largest gap),price FELL since training
P13089,23.71794871794872,35.34798534798535,39.45054945054945,27.83882783882784,23.60556116907588,35.19397498050452,36.96465614514473,31.28206307547433,-0.0047385020605845525,True,-0.004356977235468021,True,-0.06301289437098322,True,0.12368463415848577,False,-43.241676408884906,ผักสด,43.241676408884906,Q4 (largest gap),price FELL since training
P13090,7.472527472527473,16.336996336996336,12.783882783882785,14.322344322344323,7.86296140230619,15.626448606833433,11.953207246549837,13.086888016361893,0.052249246485093,False,-0.0434931682364288,True,-0.0649783443243251,True,-0.08626075998291645,True,-11.135456722048906,ผักสด,11.135456722048906,Q2,price FELL since training
P13091,16.923076923076923,20.366300366300365,14.578754578754578,25.164835164835164,20.701829903291696,25.018220726823632,20.772847717061584,28.43204294281565,0.22328994883087291,False,0.22841263640698775,False,0.4248712127532192,False,0.12983227414682275,False,-37.3507492587547,ผักสด,37.3507492587547,Q3,price FELL since training
P13092,3.1135531135531136,5.402930402930403,5.1098901098901095,4.9633699633699635,3.358752128405449,3.543673658545637,3.4524281051132704,3.7838772574623865,0.07875215418198533,False,-0.3441200618420618,True,-0.324363532117618,True,-0.23763948982492142,True,-15.791674586580504,ผักสด,15.791674586580504,Q2,price FELL since training
P14001,6.282051282051282,13.864468864468865,10.457875457875458,9.853479853479854,6.399958083044479,13.890683198586489,10.481829842368326,9.908304829300542,0.018768837709121113,False,0.0018907564634375914,False,0.002290559357811856,False,0.0055640217096832294,False,-37.33066132264529,ผลไม้,37.33066132264529,Q3,price FELL since training
P14002,6.318681318681318,14.505494505494505,10.238095238095237,8.498168498168498,6.603655790671324,14.896711454286681,10.60793456751785,8.497083098023802,0.04510030774102694,False,0.026970259348551493,False,0.03612384147848774,False,-0.0001277216549577415,True,-33.25649891151236,ผลไม้,33.25649891151236,Q3,price FELL since training
P14003,6.721611721611722,15.604395604395604,11.41025641025641,7.802197802197802,7.045797313089336,15.866332434909248,11.643280574253627,7.901548630151993,0.04823033595280039,False,0.016786092659677187,False,0.020422342462677368,False,0.012733697667368118,False,-16.50558017835211,ผลไม้,16.50558017835211,Q2,price FELL since training
P14005,0.21978021978021978,0.6153846153846154,0.8424908424908425,1.794871794871795,0.34379752302344463,0.47948819813710863,0.626941170884576,1.4624382969223972,,False,-0.22083167802719852,True,-0.25584808847178586,True,-0.18521294885752157,True,23.37457391743467,ผลไม้,23.37457391743467,Q3,price ROSE since training
P14007,4.175824175824176,6.666666666666667,9.413919413919414,8.424908424908425,4.216782566391942,6.232002412006532,7.98985096299168,6.359850565592448,0.009808456688596477,False,-0.0651996381990203,True,-0.1512726408962146,True,-0.24511338938837465,True,23.04060434372049,ผลไม้,23.04060434372049,Q3,price ROSE since training
P14008,4.212454212454213,7.472527472527473,12.197802197802197,9.249084249084248,4.214759016211653,8.054410634023366,11.076951889764695,6.675266671093392,0.0005471403702446155,False,0.07786965837665633,False,-0.09188952975802946,True,-0.2782780985312886,True,25.595864002804063,ผลไม้,25.595864002804063,Q3,price ROSE since training
P14009,3.2967032967032965,5.824175824175824,8.571428571428571,8.736263736263735,3.390672886327946,4.936006483140883,7.200172186771155,5.935906308911222,0.028504108852810354,False,-0.1524970000644899,True,-0.1599799115433652,True,-0.32054405772211164,True,54.95507399577168,ผลไม้,54.95507399577168,Q4 (largest gap),price ROSE since training
P14010,7.545787545787546,14.487179487179487,11.886446886446887,9.523809523809524,6.993077651921646,13.718252587231088,11.072718442141355,7.552277006072439,-0.07324747622591776,True,-0.05307637008493373,True,-0.06845851010644384,True,-0.20701091436239394,True,-13.07538358905937,ผลไม้,13.07538358905937,Q2,price FELL since training
P14011,7.289377289377289,14.871794871794872,12.747252747252746,10.512820512820513,6.7989437117244735,14.010225931803385,11.94744105915447,8.29962166587075,-0.06728058628101441,True,-0.05793308389597932,True,-0.06274384794564071,True,-0.21052379275863592,True,2.8819581523884783,ผลไม้,2.8819581523884783,Q1 (smallest gap),price ROSE since training
P14012,8.937728937728938,21.135531135531135,25.67765567765568,13.04029304029304,9.048698006095467,21.426156403817536,25.76288636874803,12.866268702915736,0.012415801501664946,False,0.013750554288074108,False,0.0033192551595167185,False,-0.013345124748315732,True,26.418938585427377,ผลไม้,26.418938585427377,Q3,price ROSE since training
P14013,8.205128205128204,19.084249084249084,22.747252747252748,11.593406593406593,8.41414042881557,19.51601347032484,22.89921861865145,11.35062770354442,0.025473364761897616,False,0.02262412234139756,False,0.006680625264387352,False,-0.020941117514177935,True,26.6431782286478,ผลไม้,26.6431782286478,Q3,price ROSE since training
P14014,5.1098901098901095,13.36996336996337,13.956043956043956,11.904761904761905,5.315978738414499,13.413274478563022,13.817362691019918,11.811737605503627,0.04033132300154715,False,0.003239433602110894,False,-0.009937004029281486,True,-0.007814041137695384,True,4.834059671471671,ผลไม้,4.834059671471671,Q1 (smallest gap),price ROSE since training
P14015,4.597069597069597,11.923076923076923,12.728937728937728,10.054945054945055,4.817368699517442,12.014148928743579,12.829119015089322,10.175676401718196,0.04792163742490983,False,0.0076382972494614025,False,0.007870357156657605,False,0.012007161263776866,False,11.44372220321587,ผลไม้,11.44372220321587,Q2,price ROSE since training
P14016,4.542124542124542,7.985347985347985,8.754578754578755,12.673992673992673,4.73902352301629,7.635759346651071,8.317991193834242,11.917791722895025,0.043349533696328456,False,-0.04377876071754941,True,-0.04986962513943603,True,-0.059665566372733535,True,16.88957755667917,ผลไม้,16.88957755667917,Q2,price ROSE since training
P14017,3.47985347985348,5.274725274725275,12.326007326007327,16.135531135531135,3.6035206833165208,5.394604106525798,12.420855413863073,16.263082986349588,0.035538048995168575,False,0.02272702852884925,False,0.007694956310436491,False,0.007905029573992632,False,27.277167277167283,ผลไม้,27.277167277167283,Q3,price ROSE since training
P14019,7.17948717948718,8.791208791208792,10.219780219780219,30.87912087912088,11.981328496129521,11.8499023381607,20.94964104956323,24.70392530392378,0.6688278976751832,False,0.3479263909657795,False,1.0499111134518861,False,-0.19997964318253958,True,48.292867981790586,ผลไม้,48.292867981790586,Q4 (largest gap),price ROSE since training
P14020,7.619047619047619,12.6007326007326,19.45054945054945,39.010989010989015,7.818816188490871,10.561954540210765,16.299735436072716,29.839851686806032,0.026219624739426864,False,-0.16179837515187823,True,-0.16199100300417105,True,-0.23509112577483135,True,30.78681759884013,ผลไม้,30.78681759884013,Q3,price ROSE since training
P14021,2.5641025641025643,5.128205128205129,8.498168498168498,12.857142857142858,2.652616885118869,5.1258474217229715,8.421052939725882,12.394669878613819,0.034520585196358804,False,-0.0004597527640206467,True,-0.009074373902945732,True,-0.035970120552258594,True,8.263464007855585,ผลไม้,8.263464007855585,Q1 (smallest gap),price ROSE since training
P14026,1.098901098901099,2.183150183150183,2.3003663003663,2.336996336996337,6.376569182008177,6.027169699197287,12.583445314959292,13.913585467216295,4.802677955627441,False,1.7607673286591605,False,4.470191992012559,False,4.953618859796314,False,64.02424884884223,ผลไม้,64.02424884884223,Q4 (largest gap),price ROSE since training
P14027,1.2820512820512822,2.197802197802198,3.5164835164835164,4.985347985347985,3.539656963977185,4.76810421087803,8.529122712411286,10.19192034682948,1.7609324319022044,False,1.1694874159495035,False,1.4254692713419597,False,1.0443749115976841,False,36.7671315039736,ผลไม้,36.7671315039736,Q3,price ROSE since training
P14030,2.8205128205128207,3.8827838827838828,7.17948717948718,12.820512820512821,3.0911903101882654,5.026121006780492,9.316509638077173,12.81624262324183,0.0959674736122031,False,0.29446324042554173,False,0.2976566995893205,False,-0.0003330753871372707,True,5.692795516554828,ผลไม้,5.692795516554828,Q1 (smallest gap),price ROSE since training
P14033,4.395604395604396,10.842490842490843,12.93040293040293,5.183150183150183,4.290121364942837,10.078350095085172,11.912815611004392,3.7621082962650956,-0.023997389475504685,True,-0.0704764946086987,True,-0.07869726294498612,True,-0.27416567852977314,True,-1.8553022794846457,ผลไม้,1.8553022794846457,Q1 (smallest gap),price FELL since training
P14034,4.871794871794871,13.04029304029304,15.750915750915752,4.945054945054945,5.39661625453404,11.810935806442092,14.4120848659194,7.729233179336939,0.10772649435172409,False,-0.09427374293295189,True,-0.08500019339627998,True,0.5630227095992476,False,17.51250307452652,ผลไม้,17.51250307452652,Q2,price ROSE since training
P14035,4.285714285714286,9.487179487179487,11.758241758241759,4.835164835164835,4.573488172594008,9.469012054331573,11.47292241246709,5.202585772280291,0.06714724027193518,False,-0.0019149456245098541,True,-0.02426547707055594,True,0.07598933017615123,False,15.483470708145,ผลไม้,15.483470708145,Q2,price ROSE since training
P14036,2.490842490842491,6.7765567765567765,9.780219780219781,10.87912087912088,2.812791426103194,6.750751858665829,9.660094376448747,10.700330210256052,0.12925302842084105,False,-0.0038079689644478824,True,-0.012282485104678777,True,-0.016434293804746793,True,30.581251927227868,ผลไม้,30.581251927227868,Q3,price ROSE since training
P15001,4.688644688644689,8.168498168498168,13.113553113553113,25.98901098901099,4.833378494877518,4.969455844753391,7.472331036578168,18.188507303650127,0.03086900711059564,False,-0.3916316387364683,True,-0.43018257737825705,True,-0.30014623059950885,True,101.6849460463471,พืชอาหาร,101.6849460463471,Q4 (largest gap),price ROSE since training
P15002,4.688644688644689,8.168498168498168,12.472527472527473,20.0,4.6911760826250575,4.659795488630023,5.331866337702825,9.366190326956165,0.0005398988723754932,False,-0.4295407316609882,True,-0.5725111570652361,True,-0.5316904836521917,True,120.47377326565142,พืชอาหาร,120.47377326565142,Q4 (largest gap),price ROSE since training
P15003,4.322344322344322,7.069597069597069,11.593406593406593,19.12087912087912,3.5737813593267083,4.0106206481710025,7.463644928984589,12.401921869634272,-0.17318448212187168,True,-0.43269459225353174,True,-0.3562164089691018,True,-0.35139374130073636,True,125.18763578905788,พืชอาหาร,125.18763578905788,Q4 (largest gap),price ROSE since training
P15007,4.688644688644689,8.516483516483516,14.780219780219781,32.472527472527474,4.10068598597041,5.007888402694311,7.624466724884816,20.855826451228214,-0.1254005670547486,True,-0.41197697465137767,True,-0.4841438870152281,True,-0.3577393546322276,True,104.75463565752256,พืชอาหาร,104.75463565752256,Q4 (largest gap),price ROSE since training
P15008,4.322344322344322,8.095238095238095,13.717948717948717,21.63003663003663,4.003160329965445,4.777068504920373,7.723057170490642,13.12937506651267,-0.07384511010121489,True,-0.4098915376274833,True,-0.4370107857025513,True,-0.3930026429876446,True,86.15143555002534,พืชอาหาร,86.15143555002534,Q4 (largest gap),price ROSE since training
P15009,4.688644688644689,8.516483516483516,14.139194139194139,22.05128205128205,4.729854150569483,7.585496140923692,12.258661710298979,20.017950288542025,0.008789205551147428,False,-0.10931593700121806,True,-0.1330013868104608,True,-0.0922092311010012,True,61.82176352190485,พืชอาหาร,61.82176352190485,Q4 (largest gap),price ROSE since training
P15010,3.956043956043956,9.816849816849818,17.94871794871795,11.172161172161172,4.13231446542146,9.981652172493847,18.157994686028896,11.278932187146756,0.04455726764820225,False,0.016787702645828396,False,0.011659703935895643,False,0.009556881013463794,False,56.581055607917065,พืชอาหาร,56.581055607917065,Q4 (largest gap),price ROSE since training
P15011,3.956043956043956,9.816849816849818,17.94871794871795,14.835164835164836,4.445204458830557,9.50256072383224,18.13796168456584,14.796500181540464,0.12364890487105742,False,-0.03201526954992493,True,0.010543579568668282,False,-0.002606284059124289,True,74.02337228714525,พืชอาหาร,74.02337228714525,Q4 (largest gap),price ROSE since training
P15012,3.663003663003663,9.523809523809524,16.575091575091577,13.717948717948717,4.089280446370442,9.88284163422637,16.770840585450113,13.500673384893508,0.11637356185913082,False,0.03769837159376887,False,0.011809829796216672,False,-0.015838762596547953,True,56.78331495036599,พืชอาหาร,56.78331495036599,Q4 (largest gap),price ROSE since training
P15013,4.908424908424909,12.967032967032967,23.406593406593405,10.989010989010989,5.633923680791051,13.046420729640639,23.318507267878605,11.357254531357315,0.14780683944474396,False,0.006122276607879772,False,-0.003763304517862356,True,0.03351016235351564,False,52.19802412532068,พืชอาหาร,52.19802412532068,Q4 (largest gap),price ROSE since training
P15014,4.322344322344322,10.915750915750916,19.157509157509157,14.432234432234432,4.552402552230891,11.074502406976162,19.30267570132301,14.690626165369055,0.05322533623646893,False,0.014543341310232258,False,0.007577527048027183,False,0.01790379267658681,False,62.31442954743926,พืชอาหาร,62.31442954743926,Q4 (largest gap),price ROSE since training
P15015,3.8095238095238093,9.67032967032967,16.813186813186814,14.285714285714286,4.297838595323947,10.119268675863525,16.990868243542348,14.021936661157852,0.12818263127253618,False,0.04642437443588732,False,0.010567980498270327,False,-0.018464433718950398,True,51.37903980204592,พืชอาหาร,51.37903980204592,Q4 (largest gap),price ROSE since training
P15016,2.619047619047619,5.549450549450549,7.930402930402931,13.113553113553113,2.700277852488088,5.672272077846876,8.038409054934323,13.234485500461453,0.031015180040906296,False,0.022132196206070764,False,0.013619248035598261,False,0.009221939001669491,False,85.93626129697161,พืชอาหาร,85.93626129697161,Q4 (largest gap),price ROSE since training
P15017,2.619047619047619,5.549450549450549,7.930402930402931,12.692307692307692,2.7040753906026427,5.617514166639838,7.812471089345632,12.566337557502719,0.03246514913919083,False,0.012264929038069819,False,-0.014870851089442312,True,-0.009924919711906972,True,123.61900675748149,พืชอาหาร,123.61900675748149,Q4 (largest gap),price ROSE since training
P15018,2.326007326007326,5.256410256410256,8.644688644688644,15.787545787545788,2.645290724087111,5.631948645734962,9.027043255257519,16.141644711896177,0.13726672074926174,False,0.07144388870079764,False,0.04423000368021307,False,0.022429003792959656,False,108.7137594105398,พืชอาหาร,108.7137594105398,Q4 (largest gap),price ROSE since training
P15019,2.3443223443223444,4.542124542124542,5.824175824175824,8.68131868131868,2.239869868799007,4.4335052993271375,5.635043217585637,8.141656868623727,-0.04455550909042359,True,-0.023913752648138234,True,-0.03247371169756038,True,-0.06216357589270986,True,80.33945221445221,พืชอาหาร,80.33945221445221,Q4 (largest gap),price ROSE since training
P15020,2.2527472527472527,4.450549450549451,5.732600732600733,8.113553113553113,2.0993694962162674,4.352103502322466,5.5156935667380305,7.491107088305575,-0.06808476021619347,True,-0.022119953799149675,True,-0.03783748005144901,True,-0.0767168238792677,True,106.33220313722566,พืชอาหาร,106.33220313722566,Q4 (largest gap),price ROSE since training
P15021,2.2344322344322345,5.164835164835165,7.545787545787546,12.307692307692308,2.717270079113188,5.62858645819919,7.986353137117603,12.75524895357125,0.21608972393098413,False,0.0897901440343112,False,0.05838563419082798,False,0.03636397747766403,False,95.35682981962452,พืชอาหาร,95.35682981962452,Q4 (largest gap),price ROSE since training
P15030,0.0,0.0,0.0,1.6483516483516483,0.3354179186698718,0.9051787268111121,1.314304421672891,2.3904925196162075,,False,,False,,False,0.45023212856716593,False,28.363142800849413,พืชอาหาร,28.363142800849413,Q3,price ROSE since training
P15031,0.0,0.27106227106227104,0.7106227106227107,2.9816849816849818,0.17766960898598472,1.3365657093760732,1.216539557600196,1.7336466583140167,,False,,False,0.7119345320868737,False,-0.41856813547945143,True,28.529506054104708,พืชอาหาร,28.529506054104708,Q3,price ROSE since training
P15033,5.586080586080586,20.604395604395606,38.2967032967033,35.73260073260073,8.647288507594293,21.581143277905362,34.1524168021513,32.31666028368604,0.5480064016873719,False,0.04740482042100682,False,-0.10821522840867485,True,-0.09559730830894006,True,-13.88783987915408,พืชอาหาร,13.88783987915408,Q2,price FELL since training
P15035,4.5787545787545785,12.783882783882785,25.31135531135531,65.23809523809524,85.60298676543184,75.57766645382613,91.93338336874714,54.780504610948945,17.695692309570312,False,4.91194926701849,False,2.6321003849012983,False,-0.16029883443070964,True,93.59015175634087,พืชอาหาร,93.59015175634087,Q4 (largest gap),price ROSE since training
P15039,1.465201465201465,4.175824175824176,7.655677655677656,20.366300366300365,2.1989063081287203,4.43857912615542,7.748392964457418,19.705304435757927,0.5007535552978517,False,0.06292289600037687,False,0.012110659950657889,False,-0.03245537572627436,True,5.8592226699597045,พืชอาหาร,5.8592226699597045,Q1 (smallest gap),price ROSE since training
P15040,1.465201465201465,4.175824175824176,5.054945054945055,8.241758241758241,1.7288108518272092,4.213211171356313,5.060390877636361,8.06713403275598,0.17991340637207034,False,0.008953201561643408,False,0.0010773257932801222,False,-0.021187737358940945,True,6.397746294859763,พืชอาหาร,6.397746294859763,Q1 (smallest gap),price ROSE since training
P16006,0.8827838827838828,2.9816849816849818,4.622710622710622,3.230769230769231,0.8786161932753119,2.947255648099459,4.593556945577209,3.2040686275496153,-0.00472107566738521,True,-0.011546938659518014,True,-0.006306619538369127,True,-0.008264472425119095,True,21.437249321816694,พืชน้ำมันและน้ำมันพืช,21.437249321816694,Q3,price ROSE since training
P16007,0.9963369963369964,2.586080586080586,4.816849816849817,3.282051282051282,1.0705665895790408,2.7010012755900514,4.907683767241872,3.2390105977599872,0.07450249615837552,False,0.04443817030606799,False,0.018857542552875434,False,-0.013113958495003856,True,16.30597706182528,พืชน้ำมันและน้ำมันพืช,16.30597706182528,Q2,price ROSE since training
P16008,2.3736263736263736,2.9816849816849818,2.989010989010989,2.8424908424908426,2.594969166067494,2.8645773108625585,2.744247576255938,2.3850161933200265,0.09325089866732379,False,-0.039275668469928186,True,-0.08188775941437364,True,-0.16094146807169177,True,12.69789538338118,พืชน้ำมันและน้ำมันพืช,12.69789538338118,Q2,price ROSE since training
P16010,0.5494505494505495,2.399267399267399,4.487179487179487,5.619047619047619,0.69481689676697,2.565188215765761,4.663261245895218,5.734241262023702,0.2645667521158853,False,0.0691547830596225,False,0.03924107765664864,False,0.020500563580489455,False,16.064548204002143,พืชน้ำมันและน้ำมันพืช,16.064548204002143,Q2,price ROSE since training
P16011,1.164835164835165,3.1758241758241756,5.258241758241758,6.507326007326007,1.1648303859836453,3.13851558419811,5.258216843936906,6.483827178731506,-4.102598946085139e-06,True,-0.011747688020664322,True,-4.738143660478217e-06,True,-0.003611134368870759,True,10.854124211067814,พืชน้ำมันและน้ำมันพืช,10.854124211067814,Q2,price ROSE since training
P16012,1.1868131868131868,3.021978021978022,5.315018315018315,6.487179487179487,1.1863882463056963,3.043542268075349,4.9701932690519115,5.99573739020379,-0.00035805172390406133,True,0.0071358050722064225,False,-0.06487748969595321,True,-0.07575589637174775,True,15.91313448456306,พืชน้ำมันและน้ำมันพืช,15.91313448456306,Q2,price ROSE since training
P16022,0.8644688644688645,2.139194139194139,3.0549450549450547,4.377289377289378,1.2621968866704585,2.2220150455013736,3.119999057644016,4.172389383281107,0.4600836866993015,False,0.03871593736622434,False,0.021294655559731986,False,-0.0468097894261572,True,19.32634212260305,พืชน้ำมันและน้ำมันพืช,19.32634212260305,Q3,price ROSE since training
R11001,98.02197802197803,207.76556776556777,360.5860805860806,695.0915750915751,231.33600099444826,223.90272024524955,267.715328006954,290.9647990355998,1.3600421626115236,False,0.07767000400128929,False,-0.2575550127397558,True,-0.581400768672435,True,56.51442756853429,ราคาขายส่งข้าว ผลิตภัณฑ์ข้าวและกระสอบป่าน,56.51442756853429,Q4 (largest gap),price ROSE since training
R11002,98.02197802197803,207.76556776556777,360.5860805860806,694.6520146520146,238.22751849387592,226.0703348572001,268.6400472899496,282.7779804830586,1.4303480025720525,False,0.0881029868832092,False,-0.25499052305814457,True,-0.5929213843499525,True,59.090278432961306,ราคาขายส่งข้าว ผลิตภัณฑ์ข้าวและกระสอบป่าน,59.090278432961306,Q4 (largest gap),price ROSE since training
R11003,98.02197802197803,207.76556776556777,360.5860805860806,695.0915750915751,238.1843042618189,226.0493664863782,269.17090782752405,283.1440259772779,1.429907139890753,False,0.08800206365975405,False,-0.2535183072235467,True,-0.592652197028895,True,59.54656006262056,ราคาขายส่งข้าว ผลิตภัณฑ์ข้าวและกระสอบป่าน,59.54656006262056,Q4 (largest gap),price ROSE since training
R11004,98.02197802197803,207.76556776556777,360.5860805860806,695.0915750915751,238.49105711996336,226.14774308536516,269.0902095137935,283.22470014523236,1.4330365692731688,False,0.0884755617472618,False,-0.25374210486320975,True,-0.5925361343821225,True,61.79760937681327,ราคาขายส่งข้าว ผลิตภัณฑ์ข้าวและกระสอบป่าน,61.79760937681327,Q4 (largest gap),price ROSE since training
R11005,98.02197802197803,207.76556776556777,360.5860805860806,695.0915750915751,238.18910748268658,226.05502062228138,269.1485305059524,283.16849011990615,1.4299561413592465,False,0.08802927767776472,False,-0.25358036541929085,True,-0.5926170014611384,True,59.98337390356188,ราคาขายส่งข้าว ผลิตภัณฑ์ข้าวและกระสอบป่าน,59.98337390356188,Q4 (largest gap),price ROSE since training
R11006,98.31501831501832,207.76556776556777,360.5860805860806,695.2380952380952,238.54913173577725,226.854487268916,270.23530953096383,284.1752661401099,1.4263752967163632,False,0.09187720423861186,False,-0.25056644146735957,True,-0.5912547541820337,True,62.26839806591556,ราคาขายส่งข้าว ผลิตภัณฑ์ข้าวและกระสอบป่าน,62.26839806591556,Q4 (largest gap),price ROSE since training
R11007,98.02197802197803,207.76556776556777,360.5860805860806,695.0915750915751,231.48365822816507,224.35542761275184,267.5630884415064,289.29810419886104,1.3615485312514597,False,0.07984893755785,False,-0.25797721307871546,True,-0.5837985747982237,True,60.793103250357305,ราคาขายส่งข้าว ผลิตภัณฑ์ข้าวและกระสอบป่าน,60.793103250357305,Q4 (largest gap),price ROSE since training
R11008,98.16849816849818,207.76556776556777,360.5860805860806,695.1648351648352,229.9834243718521,222.40563025841345,265.31006082947,289.0444067651099,1.342741599011777,False,0.07046433463587574,False,-0.26422545097068967,True,-0.5842073819850616,True,62.59396139447964,ราคาขายส่งข้าว ผลิตภัณฑ์ข้าวและกระสอบป่าน,62.59396139447964,Q4 (largest gap),price ROSE since training
R11009,98.02197802197803,207.76556776556777,360.5860805860806,695.0915750915751,211.8604020897722,218.56780804644575,248.56078430846497,321.8951116429144,1.1613561199741333,False,0.05199244705006504,False,-0.3106755981693322,True,-0.5369025849572322,True,56.61057692307691,ราคาขายส่งข้าว ผลิตภัณฑ์ข้าวและกระสอบป่าน,56.61057692307691,Q4 (largest gap),price ROSE since training
R11010,98.02197802197803,207.76556776556777,360.5860805860806,695.0915750915751,234.05096860333677,226.52355778173649,263.82969268687043,294.6605454888536,1.3877397021192428,False,0.09028440187612942,False,-0.2683309010207677,True,-0.5760838484482661,True,63.24728343906226,ราคาขายส่งข้าว ผลิตภัณฑ์ข้าวและกระสอบป่าน,63.24728343906226,Q4 (largest gap),price ROSE since training
R11011,98.02197802197803,207.76556776556777,360.5860805860806,694.8717948717949,237.66578132154305,228.18362818008814,266.3214576357887,289.53959281278617,1.4246172758139481,False,0.09827451504167949,False,-0.2614205817292735,True,-0.5833194051771712,True,65.35117477069986,ราคาขายส่งข้าว ผลิตภัณฑ์ข้าวและกระสอบป่าน,65.35117477069986,Q4 (largest gap),price ROSE since training
R11012,98.02197802197803,207.76556776556777,360.5860805860806,694.8717948717949,237.29553580371453,228.3322499034169,266.6369052090488,289.52442322895206,1.4208401074145762,False,0.09898984879465472,False,-0.2605457626770589,True,-0.5833412359435746,True,66.44950307861323,ราคาขายส่งข้าว ผลิตภัณฑ์ข้าวและกระสอบป่าน,66.44950307861323,Q4 (largest gap),price ROSE since training
R11013,39.78021978021978,106.84981684981685,213.66300366300365,415.4945054945055,57.125351008041434,94.5200946514423,180.99025002504007,332.82237204527246,0.4360240170529753,False,-0.11539301200398525,True,-0.15291722515282116,True,-0.19897286812695605,True,29.51235344233031,ราคาขายส่งข้าว ผลิตภัณฑ์ข้าวและกระสอบป่าน,29.51235344233031,Q3,price ROSE since training
R11014,39.78021978021978,106.84981684981685,213.66300366300365,415.4945054945055,57.66886124942766,93.22347854781937,180.0632547790751,296.1226565182864,0.4496868435629604,False,-0.12752795188362398,True,-0.1572558108231184,True,-0.28730066799354503,True,29.54178400707693,ราคาขายส่งข้าว ผลิตภัณฑ์ข้าวและกระสอบป่าน,29.54178400707693,Q3,price ROSE since training
R11015,40.51282051282051,106.77655677655677,214.83516483516485,411.17216117216117,60.0531739175538,87.34252214257097,181.4278068123283,306.30658361413975,0.48232517897759386,False,-0.18200656792720837,True,-0.15550228031090157,True,-0.2550405583371033,True,30.89651411432096,ราคาขายส่งข้าว ผลิตภัณฑ์ข้าวและกระสอบป่าน,30.89651411432096,Q3,price ROSE since training
R11016,40.51282051282051,106.77655677655677,214.83516483516485,411.17216117216117,60.05470225575206,87.35708875271864,181.34594189989699,306.37474378648693,0.4823629037812219,False,-0.1818701465011256,True,-0.1558833394940857,True,-0.2548747879402144,True,30.89651411432096,ราคาขายส่งข้าว ผลิตภัณฑ์ข้าวและกระสอบป่าน,30.89651411432096,Q3,price ROSE since training
R11017,49.523809523809526,79.92673992673993,150.0732600732601,285.16483516483515,55.07711087740385,64.02171510130495,124.22560963613209,233.38823702745822,0.11213396963988533,False,-0.1989950402082378,True,-0.17223355063060636,True,-0.18156726129099426,True,12.316735154897335,ราคาขายส่งข้าว ผลิตภัณฑ์ข้าวและกระสอบป่าน,12.316735154897335,Q2,price ROSE since training
R11018,58.97435897435897,70.51282051282051,96.7032967032967,244.13919413919413,67.36830625429258,75.90598439646291,102.20434749170101,254.97737630208334,0.14233214952930898,False,0.07648486962256497,False,0.05688586610736279,False,0.044393454320611474,False,7.256826904976882,ราคาขายส่งข้าว ผลิตภัณฑ์ข้าวและกระสอบป่าน,7.256826904976882,Q1 (smallest gap),price ROSE since training
R11019,64.46886446886447,82.6007326007326,110.62271062271063,234.981684981685,64.92964189131182,83.50165711567078,106.51358691763966,227.91340877546932,0.007147286155007194,False,0.010906979715216135,False,-0.037145389784250825,True,-0.0300801154216193,True,8.731029634271223,ราคาขายส่งข้าว ผลิตภัณฑ์ข้าวและกระสอบป่าน,8.731029634271223,Q2,price ROSE since training
R11020,33.15018315018315,51.0989010989011,86.26373626373626,230.4029304029304,36.760532924107146,48.21215909741301,83.12405831473214,221.7797073531937,0.1089088937327348,False,-0.056493230566756265,True,-0.03639626666998411,True,-0.03742670735418317,True,6.69889320337058,ราคาขายส่งข้าว ผลิตภัณฑ์ข้าวและกระสอบป่าน,6.69889320337058,Q1 (smallest gap),price ROSE since training
R11021,33.15018315018315,48.35164835164835,94.13919413919415,225.45787545787545,39.485025147378664,54.36341897035256,97.13412710336539,229.30123554830587,0.19109523372755519,False,0.1243343468868371,False,0.031813879347033024,False,0.01704690990556467,False,10.072656191165343,ราคาขายส่งข้าว ผลิตภัณฑ์ข้าวและกระสอบป่าน,10.072656191165343,Q2,price ROSE since training
R11022,33.15018315018315,51.0989010989011,86.26373626373626,230.4029304029304,36.32311609289148,49.07155466603709,83.02615613553114,220.6680447644803,0.09571388876899156,False,-0.03967495169690867,True,-0.03753118365180463,True,-0.04225157041807434,True,7.363331152944064,ราคาขายส่งข้าว ผลิตภัณฑ์ข้าวและกระสอบป่าน,7.363331152944064,Q1 (smallest gap),price ROSE since training
R11023,33.15018315018315,51.0989010989011,86.26373626373626,230.4029304029304,37.094096089457416,56.84962189503205,91.3476795014881,237.91583319024724,0.1189710754057319,False,0.11254098762320781,False,0.0589348833930468,False,0.03260767028517487,False,11.035761854976156,ราคาขายส่งข้าว ผลิตภัณฑ์ข้าวและกระสอบป่าน,11.035761854976156,Q2,price ROSE since training
R11024,29.743589743589745,47.54578754578755,79.59706959706959,276.8498168498169,36.88720077123397,48.596008971497255,81.95859178256639,277.70428042010076,0.2401731293776938,False,0.02208863245136751,False,0.02966845635713876,False,0.003086379395177297,False,21.690669459718944,ราคาขายส่งข้าว ผลิตภัณฑ์ข้าวและกระสอบป่าน,21.690669459718944,Q3,price ROSE since training
R11025,29.743589743589745,47.54578754578755,79.59706959706959,276.8498168498169,31.920800960107602,47.899338048019686,80.42967140281593,272.4168017041552,0.07319934262430729,False,0.007436000547717557,False,0.010460206763403115,False,-0.016012346318677373,True,19.65773087931752,ราคาขายส่งข้าว ผลิตภัณฑ์ข้าวและกระสอบป่าน,19.65773087931752,Q3,price ROSE since training
R11026,86.3003663003663,182.49084249084248,337.8021978021978,664.981684981685,216.78960756853823,201.29317667196085,245.8855463384272,267.27894318409454,1.5120357753060667,False,0.10303165859986581,False,-0.2721019935980197,True,-0.5980657073413143,True,59.22136953955136,ราคาขายส่งข้าว ผลิตภัณฑ์ข้าวและกระสอบป่าน,59.22136953955136,Q4 (largest gap),price ROSE since training
R11027,86.3003663003663,181.57509157509156,336.8864468864469,664.065934065934,223.17950595953525,204.6620812049279,248.46973550538004,266.8150297171904,1.5860783160845975,False,0.12714843996258457,False,-0.2624525628686664,True,-0.598210033025578,True,61.37509043420681,ราคาขายส่งข้าว ผลิตภัณฑ์ข้าวและกระสอบป่าน,61.37509043420681,Q4 (largest gap),price ROSE since training
R11028,85.78754578754578,182.1978021978022,335.3113553113553,661.1721611721612,180.57232375372024,193.25067429315476,224.82226741357601,333.4036406911773,1.1048780693751337,False,0.06066413514337056,False,-0.329511918244415,True,-0.4957385379019867,True,59.84206853491021,ราคาขายส่งข้าว ผลิตภัณฑ์ข้าวและกระสอบป่าน,59.84206853491021,Q4 (largest gap),price ROSE since training
R11029,91.57509157509158,194.15384615384616,278.8498168498169,176.57142857142858,90.40712193080357,188.02960003863325,260.4898364168384,155.2840616414835,-0.012754228515625039,True,-0.03154326446028838,True,-0.06584182353208007,True,-0.12055952144790902,True,3.519199646903046,ราคาขายส่งข้าว ผลิตภัณฑ์ข้าวและกระสอบป่าน,3.519199646903046,Q1 (smallest gap),price ROSE since training
R11030,95.97069597069597,207.04761904761904,282.2197802197802,220.41758241758242,92.4719721196772,200.57733981513277,267.3723940447573,196.2312691377633,-0.036456168371302416,True,-0.031250198684961254,True,-0.0526093038675759,True,-0.10972950984462762,True,3.2387786373659275,ราคาขายส่งข้าว ผลิตภัณฑ์ข้าวและกระสอบป่าน,3.2387786373659275,Q1 (smallest gap),price ROSE since training
R11031,83.51648351648352,169.97802197802199,241.52380952380952,138.95238095238096,87.15600049364697,175.64415833190247,244.33741218091805,142.39076272035257,0.0435784269634045,False,0.033334523416286815,False,0.01164938008660867,False,0.02474503671261265,False,-2.3664294306335174,ราคาขายส่งข้าว ผลิตภัณฑ์ข้าวและกระสอบป่าน,2.3664294306335174,Q1 (smallest gap),price FELL since training
R11032,95.97069597069597,207.04761904761904,282.2197802197802,220.41758241758242,99.04010792267628,205.29019556290064,280.0512444911859,220.20772253462684,0.03198280392712312,False,-0.008488015910553459,True,-0.007683854501288087,True,-0.0009521013734648591,True,-3.106838102671744,ราคาขายส่งข้าว ผลิตภัณฑ์ข้าวและกระสอบป่าน,3.106838102671744,Q1 (smallest gap),price FELL since training
R11033,50.54945054945055,103.95604395604396,212.85714285714286,518.1684981684982,185.37415981642056,153.3554906600561,229.65555066678112,195.24746156350162,2.6671844659335373,False,0.47519552326269604,False,0.07891869440769654,False,-0.6231969672922669,True,40.30266499689845,ราคาขายส่งข้าว ผลิตภัณฑ์ข้าวและกระสอบป่าน,40.30266499689845,Q4 (largest gap),price ROSE since training
R11034,47.61904761904762,101.6117216117216,212.85714285714286,520.1831501831501,175.2736087561527,138.18667904361263,212.13701923076923,222.16029754750457,2.6807457838792064,False,0.3599482112078677,False,-0.003383131130614392,True,-0.5729190815402524,True,37.7663364516055,ราคาขายส่งข้าว ผลิตภัณฑ์ข้าวและกระสอบป่าน,37.7663364516055,Q3,price ROSE since training
R11035,101.68498168498168,219.12087912087912,292.5274725274725,202.05128205128204,98.85152583419185,212.20819919013277,285.2233725746909,194.6996587396978,-0.027865037725706924,True,-0.03154733569197181,True,-0.024968936728141454,True,-0.036384937709617406,True,-3.953556038961944,ราคาขายส่งข้าว ผลิตภัณฑ์ข้าวและกระสอบป่าน,3.953556038961944,Q1 (smallest gap),price FELL since training
R11036,101.68498168498168,219.12087912087912,292.5274725274725,202.05128205128204,98.85589085393772,212.2110609117445,285.22413540235806,194.70196063701923,-0.027822110838436602,True,-0.03153427567859828,True,-0.02496632901522977,True,-0.03637354507059009,True,-3.954088348338869,ราคาขายส่งข้าว ผลิตภัณฑ์ข้าวและกระสอบป่าน,3.954088348338869,Q1 (smallest gap),price FELL since training
R11037,114.72527472527473,177.32600732600733,358.7912087912088,755.9706959706959,157.0691910628434,189.21889219179258,331.02147900927196,497.3632347470238,0.36908969221443955,False,0.06706791093491785,False,-0.07739802175057439,True,-0.34208662134927076,True,30.59244640507701,ราคาขายส่งข้าว ผลิตภัณฑ์ข้าวและกระสอบป่าน,30.59244640507701,Q3,price ROSE since training
R11038,115.64102564102564,174.94505494505495,356.7765567765568,754.5421245421245,157.5238291981456,187.48179587339743,331.2032421517285,495.83806992974473,0.3621794542633433,False,0.07166101912557574,False,-0.07167879766507315,True,-0.3428623084090474,True,30.59244640507701,ราคาขายส่งข้าว ผลิตภัณฑ์ข้าวและกระสอบป่าน,30.59244640507701,Q3,price ROSE since training
R11039,53.40659340659341,108.24175824175825,232.23443223443223,527.2527472527472,182.77470157609318,163.36400472899496,235.87798647478823,222.26123941163004,2.4223246591408394,False,0.5092512112018822,False,0.015689121571249007,False,-0.5784540894860705,True,38.44707805476094,ราคาขายส่งข้าว ผลิตภัณฑ์ข้าวและกระสอบป่าน,38.44707805476094,Q3,price ROSE since training
R11040,53.40659340659341,108.24175824175825,232.23443223443223,527.8388278388278,182.75188381767973,163.4854781042525,235.77763975932922,222.78235668140454,2.4218974130470894,False,0.5103734525367489,False,0.01525702924758481,False,-0.5779348829006007,True,38.44011492301793,ราคาขายส่งข้าว ผลิตภัณฑ์ข้าวและกระสอบป่าน,38.44011492301793,Q3,price ROSE since training
R11041,50.0,68.42490842490842,89.96336996336996,155.78754578754578,50.985698769817425,69.21927561777416,90.17552168290693,156.35990553635818,0.0197139753963485,False,0.011609327818648058,False,0.002358201117003034,False,0.0036739762855816124,False,-8.03262778815999,ราคาขายส่งข้าว ผลิตภัณฑ์ข้าวและกระสอบป่าน,8.03262778815999,Q1 (smallest gap),price FELL since training
R11042,25.274725274725274,50.07326007326007,90.40293040293041,210.51282051282053,24.70157206888164,49.503128666580814,89.56993063902243,211.4627010359432,-0.022676931187726432,True,-0.011385945429658942,True,-0.009214300467863774,True,0.004512221729815443,False,-0.8662691133568443,ราคาขายส่งข้าว ผลิตภัณฑ์ข้าวและกระสอบป่าน,0.8662691133568443,Q1 (smallest gap),price FELL since training
R11043,51.282051282051285,74.46886446886447,146.11721611721612,223.6996336996337,52.51696441985749,72.24795677548363,141.96956313136732,218.42755954169527,0.02408080618722095,False,-0.029823305474322118,True,-0.028385792557952386,True,-0.023567647701280312,True,-0.4565327442588195,ราคาขายส่งข้าว ผลิตภัณฑ์ข้าวและกระสอบป่าน,0.4565327442588195,Q1 (smallest gap),price FELL since training
R11044,20.65934065934066,33.73626373626374,30.183150183150182,27.106227106227106,16.745064592186786,27.19000020568624,24.63739527887477,17.903433942969464,-0.1894676181441503,True,-0.19404233917998448,True,-0.18373678262951307,True,-0.33950845048234274,True,-3.754770405022774,ราคาขายส่งข้าว ผลิตภัณฑ์ข้าวและกระสอบป่าน,3.754770405022774,Q1 (smallest gap),price FELL since training
R11053,372.16117216117215,878.021978021978,1791.2087912087911,3760.07326007326,668.558597327152,878.5726018772893,1317.1408181662089,2244.294176038805,0.7964222152589814,False,0.0006271185335835841,False,-0.264663715011503,True,-0.4031248806053641,True,27.24609375000001,ราคาขายส่งข้าว ผลิตภัณฑ์ข้าวและกระสอบป่าน,27.24609375000001,Q3,price ROSE since training
R11054,313.9194139194139,915.7509157509157,1838.8278388278388,3784.4322344322345,1601.5850682520604,1601.4895654475733,1762.8490620707419,1276.4036136389652,4.101898758842619,False,0.7488266054687501,False,-0.041319135567106514,True,-0.6627225605929077,True,36.40789748299035,ราคาขายส่งข้าว ผลิตภัณฑ์ข้าวและกระสอบป่าน,36.40789748299035,Q3,price ROSE since training
W11001,0.0,0.0,0.0,0.0,41.76791616586539,13.747042589571887,88.00813712654534,111.5946782709478,,False,,False,,False,,False,47.85434289251084,เนื้อสัตว์,47.85434289251084,Q4 (largest gap),price ROSE since training
W11002,91.57509157509158,234.7985347985348,434.43223443223445,639.5604395604396,101.14702765496223,243.6569068545387,457.8303410456731,660.3695046002175,0.10452554199218753,False,0.03772754401386997,False,0.05385904810681913,False,0.032536510629206025,False,-32.062436862515064,เนื้อสัตว์,32.062436862515064,Q3,price FELL since training
W11003,2.8095238095238093,4.26007326007326,7.4322344322344325,12.435897435897436,2.8690127557887264,4.482108944064969,7.741517678285256,12.39895994584639,0.021174031721411163,False,0.052120156259446646,False,0.04161376351497039,False,-0.0029702311587439735,True,-8.495301043065162,เนื้อสัตว์,8.495301043065162,Q2,price FELL since training
W11004,2.8095238095238093,4.26007326007326,7.4322344322344325,12.435897435897436,2.8690909500960466,4.482599796392979,7.742256290310031,12.399905934875264,0.021201863593508206,False,0.052235377829134295,False,0.041713143053050024,False,-0.0028941619378654014,True,-8.379700397431971,เนื้อสัตว์,8.379700397431971,Q2,price FELL since training
W11005,2.8644688644688645,4.315018315018315,7.062271062271062,12.483516483516484,2.9109077872810785,4.430069388924064,7.256646376389724,12.559184203654418,0.016212053616028656,False,0.026662939877987745,False,0.027523060557258637,False,0.006061410680063401,False,-1.0880566801619418,เนื้อสัตว์,1.0880566801619418,Q1 (smallest gap),price FELL since training
W11006,2.8644688644688645,4.315018315018315,7.062271062271062,12.483516483516484,2.9108594398358805,4.430098760695684,7.256732032412574,12.559371445205185,0.016195175287973602,False,0.02666974674866034,False,0.027535189236842773,False,0.00607640978316184,False,-1.0758254177774311,เนื้อสัตว์,1.0758254177774311,Q1 (smallest gap),price FELL since training
W11007,5.728937728937729,7.9633699633699635,11.904761904761905,22.446886446886445,5.812129373515482,8.223368326822916,12.194545312678857,22.801057193742132,0.014521303689083517,False,0.03264928851088135,False,0.02434180626502394,False,0.01577816806325105,False,-7.070379615521761,เนื้อสัตว์,7.070379615521761,Q1 (smallest gap),price FELL since training
W11008,5.728937728937729,7.9633699633699635,11.904761904761905,22.446886446886445,5.810417203239469,8.227645566611937,12.203993409544557,22.79629429967412,0.014222440207400901,False,0.033186402799015045,False,0.02513544640174276,False,0.015565982997884325,False,-7.288655667719135,เนื้อสัตว์,7.288655667719135,Q1 (smallest gap),price FELL since training
W11009,5.47985347985348,8.293040293040294,13.347985347985349,22.102564102564102,5.682938292786315,8.619149959131038,13.83941150148273,22.125600123143457,0.03706026332263639,False,0.039323294541860926,False,0.03681650381580267,False,0.0010422329496459692,False,-13.340696666310372,เนื้อสัตว์,13.340696666310372,Q2,price FELL since training
W11010,5.553113553113553,8.542124542124542,13.597069597069597,22.35164835164835,5.752465971223601,8.862442771157065,14.084940676287417,22.373114365797775,0.0358992151345931,False,0.03749866060286398,False,0.035880604694629545,False,0.0009603772308739777,False,-13.533698511136311,เนื้อสัตว์,13.533698511136311,Q2,price FELL since training
W11011,5.435897435897436,8.073260073260073,12.835164835164836,22.893772893772894,5.604612469236493,8.094813252543355,12.695216140467606,23.10765355148595,0.031037199529354745,False,0.002669699611767735,False,-0.010903537001239659,True,0.009342307128906251,False,3.779002745698053,เนื้อสัตว์,3.779002745698053,Q1 (smallest gap),price ROSE since training
W11016,0.7326007326007326,1.7765567765567765,1.9487179487179487,2.2747252747252746,0.8620736817300538,1.8477432299882939,2.0792511007288,2.5283329617846144,0.17673057556152355,False,0.04006990059134898,False,0.06698411747925273,False,0.11148936967342957,False,2.1159874608150524,เนื้อสัตว์,2.1159874608150524,Q1 (smallest gap),price ROSE since training
W11017,0.7326007326007326,1.7765567765567765,1.9487179487179487,2.2747252747252746,0.8619416554768881,1.8476201116820394,2.079310776986482,2.5284235189249227,0.1765503597259523,False,0.04000059894679751,False,0.06701474082201042,False,0.11152917981723658,False,1.9362409544298895,เนื้อสัตว์,1.9362409544298895,Q1 (smallest gap),price ROSE since training
W11018,1.4175824175824177,3.1172161172161172,3.8241758241758244,2.432234432234432,1.4954105139652014,3.122793945200714,3.5442381778479497,1.5347945943420187,0.05490199047157614,False,0.0017893619739070194,False,-0.07320208567769136,True,-0.36897752371179043,True,11.193369672057909,เนื้อสัตว์,11.193369672057909,Q2,price ROSE since training
W11019,1.4175824175824177,3.1172161172161172,3.8241758241758244,2.432234432234432,1.483091039971991,3.106992490998991,3.322782970610119,1.7143355149489183,0.04621150881745095,False,-0.003279729679524565,True,-0.13111134963930798,True,-0.2951602476188935,True,9.20272049144362,เนื้อสัตว์,9.20272049144362,Q2,price ROSE since training
W11020,0.9560439560439561,2.197802197802198,2.06959706959707,1.1245421245421245,1.0204796703743848,2.246374179155399,2.096800318567744,1.710946065602285,0.06739827590883923,False,0.02210025151570638,False,0.013144224723883375,False,0.521460182115387,False,16.97901470093143,เนื้อสัตว์,16.97901470093143,Q2,price ROSE since training
W11021,0.1025640396844773,0.30769217843974467,0.47069584668337644,0.3849817195654789,0.242767089452499,0.3321559298169482,0.48705092803899186,0.47243728393163437,,False,,False,,False,,False,25.1942518171944,เนื้อสัตว์,25.1942518171944,Q3,price ROSE since training
W11022,0.10695963988810668,0.3084247784736829,0.47142844671731465,0.3857143195994171,0.1714876562684447,0.3487541981232472,0.476962217044481,0.35215345145145177,,False,,False,,False,,True,20.742747166583506,เนื้อสัตว์,20.742747166583506,Q3,price ROSE since training
W11023,0.10695974468748211,0.3084250230055589,0.47142863535619045,0.38571425322647934,0.17066427028222836,0.34553628614097287,0.47532321419908014,0.3521002683884058,,False,,False,,False,,True,22.29586070833416,เนื้อสัตว์,22.29586070833416,Q3,price ROSE since training
W11024,0.10695963988810668,0.3084247784736829,0.47142844671731465,0.3857143195994171,0.17010179980770573,0.3448839825151604,0.47239975265530876,0.36209087756090547,,False,,False,,False,,True,23.571904194999902,เนื้อสัตว์,23.571904194999902,Q3,price ROSE since training
W11027,0.08717947565155588,0.2813186514508593,0.4197802194308885,0.28424908564640927,0.15543665030063727,0.2761735383407537,0.312372461780087,0.14254764584831267,,False,,True,,True,,True,36.43607013334061,เนื้อสัตว์,36.43607013334061,Q3,price ROSE since training
W11028,0.0871794704115871,0.281318608657781,0.41978001856541897,0.28424895202720557,0.11761257674667862,0.31129686125032197,0.43248639089283925,0.22616374099647607,,False,,False,,False,,True,29.156368717523254,เนื้อสัตว์,29.156368717523254,Q3,price ROSE since training
W11029,0.08717947390489962,0.28131864970420306,0.4197802176842323,0.2827839030450954,0.1578116093799745,0.2799052310077262,0.31341249689514383,0.13924220106103918,,False,,True,,True,,True,32.64730718708953,เนื้อสัตว์,32.64730718708953,Q3,price ROSE since training
W11030,0.08717950709136851,0.28131874751695346,0.41978032423026396,0.2827839283716111,0.157857453866756,0.2818441670456212,0.3149538319626134,0.13873676764659393,,False,,False,,True,,True,34.843644544431896,เนื้อสัตว์,34.843644544431896,Q3,price ROSE since training
W11031,0.08717947565155588,0.2813186514508593,0.4197802194308885,0.28424908564640927,0.11417373021443684,0.27808034376347024,0.3121175390460116,0.1774878170027401,,False,,True,,True,,True,32.48040669349714,เนื้อสัตว์,32.48040669349714,Q3,price ROSE since training
W11032,0.08717947215824337,0.28131864271757806,0.41978014083135695,0.2827838314321888,0.11874990148858709,0.2578489955091651,0.29859154128329657,0.16311985319787328,,False,,True,,True,,True,34.84931195268964,เนื้อสัตว์,34.84931195268964,Q3,price ROSE since training
W11033,0.08717947215824337,0.28131864271757806,0.4197801373380444,0.28424905420659663,0.130323548020024,0.2599768822009747,0.3041516913599147,0.2000460581028418,,False,,True,,True,,True,37.70991428308088,เนื้อสัตว์,37.70991428308088,Q3,price ROSE since training
W11042,2.6483516483516483,6.0,11.043956043956044,10.164835164835164,2.3916285308726106,5.742528656900148,10.232069427713807,7.987756736112601,-0.09693694477424243,True,-0.04291189051664205,True,-0.07351411152044138,True,-0.21417744542027378,True,8.072709420701775,เนื้อสัตว์,8.072709420701775,Q1 (smallest gap),price ROSE since training
W11043,4.487179487179487,10.49084249084249,9.505494505494505,9.816849816849818,4.291469098884107,9.528298793694912,7.785629174648187,6.969689393654848,-0.04361545796297038,True,-0.09175084822670707,True,-0.1809338093722717,True,-0.2900279087806816,True,3.55946636389441,เนื้อสัตว์,3.55946636389441,Q1 (smallest gap),price ROSE since training
W11044,2.6373626373626373,3.58974358974359,5.43956043956044,4.435897435897436,2.6687770745693107,3.2763680817880036,4.847435947739598,3.252310337164463,0.01191130744086365,False,-0.08729746293048472,True,-0.1088552096074679,True,-0.2668202130091673,True,29.96155844155845,เนื้อสัตว์,29.96155844155845,Q3,price ROSE since training
W11045,2.4432234432234434,4.652014652014652,6.681318681318682,4.1501831501831505,2.5537109933930005,4.477226900093721,6.218635531135531,3.2854767125168127,0.045222040774046575,False,-0.037572485255444245,True,-0.06925027412280707,True,-0.20835380183840266,True,17.72506828118346,เนื้อสัตว์,17.72506828118346,Q2,price ROSE since training
W11046,2.3333333333333335,4.0989010989010985,6.424908424908425,6.978021978021978,2.3727254623021836,3.9832901867318067,5.961594689896692,6.459273467570434,0.01688234098665006,False,-0.028205343183392923,True,-0.07211211497046936,True,-0.07434033771825271,True,12.83999707267094,เนื้อสัตว์,12.83999707267094,Q2,price ROSE since training
W11047,1.098901098901099,3.2161172161172162,4.597069597069597,5.6300366300366305,1.1658389053065261,3.1504281850961537,4.488714141286773,5.395524762052319,0.06091340382893868,False,-0.020424949281036515,True,-0.023570549345586302,True,-0.04165370199070723,True,-1.5072490060017891,เนื้อสัตว์,1.5072490060017891,Q1 (smallest gap),price FELL since training
W11048,0.5274725274725275,1.5384615384615385,3.791208791208791,5.9010989010989015,0.7385445339775785,1.7640294644422148,4.009300176040593,6.102713965670967,0.4001573456658258,False,0.14661915188743954,False,0.05752555368027248,False,0.03416568133344124,False,13.317486085343235,เนื้อสัตว์,13.317486085343235,Q2,price ROSE since training
W11049,2.8095238095238093,4.926739926739927,8.791208791208792,8.468864468864469,2.90055168068016,4.552223429138407,7.691347254938258,9.740922110421318,0.03239975075056546,False,-0.07601710323064306,True,-0.12510924975077317,True,0.15020403812500852,False,24.08689611902842,เนื้อสัตว์,24.08689611902842,Q3,price ROSE since training
W11050,1.0915750915750915,2.8974358974358974,3.0586080586080584,2.681318681318681,1.1449613326635115,2.950703041020767,3.076098539890387,2.710555062625871,0.048907529587713675,False,0.01838423539654796,False,0.005718444778533803,False,0.010903732372763434,False,6.173608781095729,เนื้อสัตว์,6.173608781095729,Q1 (smallest gap),price ROSE since training
W11056,3.347985347985348,4.424908424908425,5.245421245421245,3.9743589743589745,3.3570992326561786,4.318302475925767,5.086946187001882,3.821931636377132,0.0027221996883334044,False,-0.024092238470418536,True,-0.03021207468469713,True,-0.038352685040592596,True,0.3634613070164836,เนื้อสัตว์,0.3634613070164836,Q1 (smallest gap),price ROSE since training
W11057,2.062271062271062,3.36996336996337,6.065934065934066,4.571428571428571,4.201834402678213,4.655623607146434,5.591222099332145,9.939302605150383,1.0374792041405902,False,0.3815057008162787,False,-0.07825867565357746,True,1.1742224448766463,False,332.17466091821905,เนื้อสัตว์,332.17466091821905,Q4 (largest gap),price ROSE since training
W11058,4.4322344322344325,9.512820512820513,9.271062271062272,8.35897435897436,5.019864470094115,10.472146519811162,9.735818520570414,10.124517950819525,0.13258099201296966,False,0.10084559103136201,False,0.05012977325789121,False,0.21121533767472842,False,269.4094915605461,เนื้อสัตว์,269.4094915605461,Q4 (largest gap),price ROSE since training
W12001,10.311355311355312,19.67032967032967,29.468864468864467,16.923076923076923,10.329251020382612,19.32305634327424,29.004043076064562,16.31183599115728,0.0017355341259157918,False,-0.017654677520695192,True,-0.015773305187616424,True,-0.03611878234070614,True,-2.193960710302826,สัตว์น้ำ,2.193960710302826,Q1 (smallest gap),price FELL since training
W12002,7.252747252747253,14.615384615384615,24.047619047619047,15.091575091575091,7.285316439338656,14.438006893619077,24.057233593839427,14.571681151896605,0.004490599969420756,False,-0.012136370436589435,True,0.0003998128131247149,False,-0.03444928289617152,True,-17.535373626870403,สัตว์น้ำ,17.535373626870403,Q2,price FELL since training
W12003,5.402930402930403,11.556776556776557,20.494505494505493,14.743589743589743,5.543350471245064,11.64410900632977,20.461912581335493,14.65096886603387,0.025989612644001542,False,0.007556817346442938,False,-0.0015903244495817379,True,-0.006282111695094026,True,-14.561686674064369,สัตว์น้ำ,14.561686674064369,Q2,price FELL since training
W12004,5.4945054945054945,12.014652014652015,19.68864468864469,14.35897435897436,5.685350243425194,12.08930435460129,19.731847714155148,14.416505527147006,0.03473374430338537,False,0.006213441709192808,False,0.002194311807321859,False,0.004006634926309308,False,-16.331335616438363,สัตว์น้ำ,16.331335616438363,Q2,price FELL since training
W12005,4.468864468864469,11.062271062271062,17.38095238095238,14.395604395604396,4.634840773138808,11.06981930016598,17.50142141488882,14.478529430571056,0.0371405992351594,False,0.000682340710368404,False,0.006931095103192505,False,0.005760441360279445,False,-13.055209028402338,สัตว์น้ำ,13.055209028402338,Q2,price FELL since training
W12012,3.9194139194139193,5.512820512820513,6.813186813186813,6.721611721611722,4.022804923983284,5.708385544382172,7.042747888809595,6.969638433211889,0.026379200231249234,False,0.03547458712048703,False,0.033693641744634156,False,0.03689988679392138,False,-7.061340941512133,สัตว์น้ำ,7.061340941512133,Q1 (smallest gap),price FELL since training
W12013,3.36996336996337,4.230769230769231,3.47985347985348,3.6446886446886446,3.4073448460617346,4.275404088226431,3.5282175951388295,3.716283944936899,0.011092546711797328,False,0.010550057217156305,False,0.013898319445158347,False,0.019643735646003514,False,-4.108225108225116,สัตว์น้ำ,4.108225108225116,Q1 (smallest gap),price FELL since training
W12019,3.4432234432234434,3.6263736263736264,5.384615384615385,6.263736263736264,3.714061806926797,3.8960374825166695,5.624815608992245,6.497294080126417,0.07865837584150587,False,0.07436185123944522,False,0.0446086130985597,False,0.0372873005114104,False,-1.819160387513452,สัตว์น้ำ,1.819160387513452,Q1 (smallest gap),price FELL since training
W13001,5.347985347985348,8.073260073260073,8.516483516483516,8.597069597069597,5.331676832485548,7.888675453898671,8.27989067874112,8.370916347363929,-0.0030494689941406336,True,-0.022863702851934127,True,-0.02778057836717169,True,-0.026305853076117297,True,-46.97216343805958,ผักสด,46.97216343805958,Q4 (largest gap),price FELL since training
W13002,5.9010989010989015,5.241758241758242,6.172161172161172,6.992673992673993,5.880675312363621,5.214822601486039,6.074769117893317,6.846458054287529,-0.003460980586425502,True,-0.005138665125305011,True,-0.015779246774554587,True,-0.020909874897592724,True,48.70738847814221,ผักสด,48.70738847814221,Q4 (largest gap),price ROSE since training
W13003,4.545787545787546,4.593406593406593,5.289377289377289,5.17948717948718,4.644597780136835,4.606675263289567,5.275226912655673,5.054953121003651,0.021736659127603593,False,0.0028886338740445874,False,-0.0026752443524939696,True,-0.024043704360681307,True,8.849409668077525,ผักสด,8.849409668077525,Q2,price ROSE since training
W13004,13.91941391941392,24.194139194139193,14.212454212454212,14.157509157509157,13.655102918436238,23.28374182522952,13.24101748134627,12.866004283611591,-0.018988658754449203,True,-0.03762883901776548,True,-0.06835108958568761,True,-0.0912240182597763,True,-24.850407324634126,ผักสด,24.850407324634126,Q3,price FELL since training
W13005,3.860805860805861,6.084249084249084,5.663003663003663,5.586080586080586,3.7357297380328616,5.935935603829967,5.464448003105192,5.300093713697496,-0.03239637715088122,True,-0.02437662862999332,True,-0.03506189854610787,True,-0.05119633846595637,True,-13.414255969521111,ผักสด,13.414255969521111,Q2,price FELL since training
W13006,4.0476190476190474,6.351648351648351,8.197802197802197,6.065934065934066,4.031743507245522,6.047263945415343,7.583802415337755,5.2116103783631935,-0.003922192327576959,True,-0.047922112400006434,True,-0.07489809678855798,True,-0.14083959342200972,True,47.16512310819968,ผักสด,47.16512310819968,Q4 (largest gap),price ROSE since training
W13007,5.43956043956044,10.604395604395604,13.424908424908425,7.1611721611721615,5.4775613603137785,10.471877237815997,13.203991806114113,6.680743105682261,0.006986027855664289,False,-0.012496550630823026,True,-0.01645572631128167,True,-0.06708804713490685,True,-23.505929317834923,ผักสด,23.505929317834923,Q3,price FELL since training
W13008,6.575091575091575,12.333333333333334,9.582417582417582,8.904761904761905,5.538444672748719,10.77991058712914,7.958541650038499,7.0942814236595515,-0.15766273222261817,True,-0.12595319563817794,True,-0.16946411679644102,True,-0.20331598985641403,True,-5.119056287773979,ผักสด,5.119056287773979,Q1 (smallest gap),price FELL since training
W13009,10.443223443223443,16.43223443223443,13.52014652014652,15.428571428571429,10.152397305974157,15.495718501863026,12.526979491824196,14.148892696087177,-0.027848311283428708,True,-0.05699261011845598,True,-0.07345830363912066,True,-0.08294214006842371,True,7.675271873863748,ผักสด,7.675271873863748,Q1 (smallest gap),price ROSE since training
W13010,8.864468864468865,11.527472527472527,10.553113553113553,8.065934065934066,8.57562158745287,10.772248767671131,9.48767669384296,6.852240859370529,-0.03258483744849857,True,-0.06551512120298097,True,-0.10095948024327378,True,-0.1504715010862151,True,1.7452075118104045,ผักสด,1.7452075118104045,Q1 (smallest gap),price ROSE since training
W13011,7.065934065934066,6.487179487179487,8.003663003663004,6.487179487179487,6.529030509920784,5.8062409062088625,7.103488045297699,5.455461914286072,-0.07598479564107093,True,-0.10496681682946389,True,-0.11247037237241558,True,-0.15903946775827343,True,17.482086081715938,ผักสด,17.482086081715938,Q2,price ROSE since training
W13012,11.172161172161172,13.27838827838828,10.659340659340659,9.065934065934066,10.485877753177405,12.601479904118913,9.900018782842727,8.26185425559243,-0.06142799127297319,True,-0.050978203082906785,True,-0.07123535130032145,True,-0.08869243968616826,True,16.860986547085194,ผักสด,16.860986547085194,Q2,price ROSE since training
W13013,4.175824175824176,5.908424908424909,4.934065934065934,4.4322344322344325,3.9391110633319113,5.502339869628459,4.366769029107286,3.83617677793398,-0.0566865611494634,True,-0.06872982987689445,True,-0.11497554198493762,True,-0.13448242944134176,True,71.42857142857143,ผักสด,71.42857142857143,Q4 (largest gap),price ROSE since training
W13014,1.2747252747252746,3.5128205128205128,4.069597069597069,2.161172161172161,1.3923549355168046,2.9668562490861494,3.136587244250399,1.1689098064716046,0.09227844079335537,False,-0.15542048383678958,True,-0.2292634404317201,True,-0.4591315641241558,True,-6.544737313968076,ผักสด,6.544737313968076,Q1 (smallest gap),price FELL since training
W13015,3.2967032967032965,5.853479853479853,6.593406593406593,5.355311355311355,3.37249639182737,5.797697262886243,6.447360461448138,5.156023270044571,0.02299057218763563,False,-0.009529816791023526,True,-0.022150330013699003,True,-0.03721316503271685,True,-25.923820352473,ผักสด,25.923820352473,Q3,price FELL since training
W13016,14.432234432234432,37.43589743589744,41.42857142857143,17.36263736263736,15.816415556184538,36.028597737406635,39.51388435224037,15.70842049846719,0.09590899665948698,False,-0.03759225221995981,True,-0.046216584601094624,True,-0.09527451559461117,True,25.67688598002067,ผักสด,25.67688598002067,Q3,price ROSE since training
W13017,0.7326007326007326,2.197802197802198,5.073260073260073,6.6300366300366305,0.8120428511511275,2.555836492405706,5.115223853142707,6.504151117234003,0.10843849182128912,False,0.16290560404459623,False,0.00827156094437479,False,-0.018987151931004004,True,12.833391063387603,ผักสด,12.833391063387603,Q2,price ROSE since training
W13018,33.717948717948715,55.10989010989011,51.48351648351648,48.553113553113555,34.32510707142589,55.204422318455066,51.13597865681072,47.26300201136551,0.0180069777837337,False,0.0017153401753561394,False,-0.00675046792534135,True,-0.02657113926044638,True,-6.924416268583422,ผักสด,6.924416268583422,Q1 (smallest gap),price FELL since training
W13019,20.256410256410255,38.608058608058606,42.93040293040293,36.46520146520147,20.95187268938337,37.93026627201737,41.571406346974356,33.55669152954996,0.03433295555183738,False,-0.017555721796893492,True,-0.031655807788054595,True,-0.07976124685412977,True,-44.59641414499327,ผักสด,44.59641414499327,Q4 (largest gap),price FELL since training
W13020,5.8791208791208796,8.956043956043956,11.245421245421245,9.523809523809524,5.714221046084449,8.514259422218407,10.64988040574741,8.984823778872089,-0.02804838281554233,True,-0.04932808905291409,True,-0.05295851766480676,True,-0.05659350321843064,True,116.69265149152896,ผักสด,116.69265149152896,Q4 (largest gap),price ROSE since training
W13021,7.6007326007326,8.992673992673993,9.816849816849818,15.238095238095237,7.8627599848932395,8.980621861887503,9.721943614247081,15.200178090469304,0.03447396427752023,False,-0.001340216580330639,True,-0.00966768407109963,True,-0.002488312812951854,True,101.58576677625216,ผักสด,101.58576677625216,Q4 (largest gap),price ROSE since training
W13022,22.912087912087912,32.83882783882784,34.1941391941392,25.695970695970697,23.121897700942043,33.01963673406468,34.559391175434264,25.02495922885098,0.009157165844472836,False,0.005505948510837514,False,0.010681713004129977,False,-0.02611348973965535,True,50.30099128867528,ผักสด,50.30099128867528,Q4 (largest gap),price ROSE since training
W13023,0.7326007326007326,0.7692307692307693,1.8681318681318682,4.249084249084249,0.8024402450729202,0.67573608146919,1.8973493121919178,3.805510251949995,0.09533093452453617,False,-0.12154309409005311,True,0.015639925938026586,False,-0.10439284587728564,True,43.48640017619205,ผักสด,43.48640017619205,Q4 (largest gap),price ROSE since training
W13024,7.17948717948718,15.018315018315018,11.465201465201465,12.783882783882785,7.095481621040093,13.283058557754908,8.688947097722428,8.727742596860333,-0.01170077421227285,True,-0.11554268627631956,True,-0.24214614770663806,True,-0.3172854644862835,True,-2.138281422575648,ผักสด,2.138281422575648,Q1 (smallest gap),price FELL since training
W13025,0.6190476190476191,1.3086080586080586,0.9459706959706959,0.9313186813186813,0.6323149662751418,1.3114813380625658,0.9306443320525871,0.9143831151309031,0.021431868598306,False,0.0021956761121916584,False,-0.01620173223482559,True,-0.018184501747348918,True,-22.809363416326736,ผักสด,22.809363416326736,Q3,price FELL since training
W13026,0.5238095238095238,0.956959706959707,0.7738095238095238,0.6923076923076923,0.5356861595269088,0.955380299043306,0.75546997545403,0.674028686333052,0.022673577278644,False,-0.0016504434877606493,True,-0.023700339413253505,True,-0.02640300863003595,True,-48.78547284018552,ผักสด,48.78547284018552,Q4 (largest gap),price FELL since training
W13027,12.93040293040293,30.21978021978022,28.315018315018314,13.003663003663004,12.839447762066628,28.403316917000236,26.403011161329108,10.543805929330679,-0.007034209902495904,True,-0.0601084220192649,True,-0.06752625523378439,True,-0.1891664736035844,True,-19.27604212762192,ผักสด,19.27604212762192,Q3,price FELL since training
W13028,6.666666666666667,9.02930402930403,12.106227106227106,18.9010989010989,4.637708573114304,6.988468030433515,7.955670339283926,14.599335387512879,-0.3043437140328544,True,-0.22602362178160254,True,-0.34284477984129746,True,-0.22759330217228377,True,203.3336437284663,ผักสด,203.3336437284663,Q4 (largest gap),price ROSE since training
W13029,11.208791208791208,29.249084249084248,42.08791208791209,29.395604395604394,11.143693637498568,29.42696787236811,42.23943109477396,29.946134713979866,-0.005807724497676671,True,0.006081681797932895,False,0.003600059954159433,False,0.018728321111090823,False,-50.6086004296003,ผักสด,50.6086004296003,Q4 (largest gap),price FELL since training
W13030,16.41025641025641,20.146520146520146,17.94871794871795,14.02930402930403,18.107313749991057,20.954066825000357,17.459557417984847,17.733533447042053,0.10341443164008014,False,0.040083680586381384,False,-0.027253229569415678,True,0.26403515170821945,False,-40.63940400900418,ผักสด,40.63940400900418,Q4 (largest gap),price FELL since training
W13031,2.659340659340659,4.95970695970696,4.564102564102564,4.175824175824176,2.307133360223456,3.737777224390498,3.4498718806675504,2.775918192042536,-0.13244158768456823,True,-0.24637135726838555,True,-0.2441291946851996,True,-0.3352406434845506,True,-13.493775933609957,ผักสด,13.493775933609957,Q2,price FELL since training
W14001,5.124542124542124,11.128205128205128,7.293040293040293,7.274725274725275,5.292917531051915,11.24850085192111,7.587970174712575,7.502487084804437,0.032856673321782014,False,0.010809984389224175,False,0.0404399084362296,False,0.03130864760906911,False,-46.16814707705019,ผลไม้,46.16814707705019,Q4 (largest gap),price FELL since training
W14002,5.564102564102564,11.981684981684982,9.692307692307692,7.010989010989011,5.641164318545834,12.043463004814399,9.776063199445005,7.200314050192361,0.013849808402246705,False,0.005156038004992609,False,0.008641441212579965,False,0.027004041641857143,False,-36.926179911254536,ผลไม้,36.926179911254536,Q3,price FELL since training
W14003,5.549450549450549,13.128205128205128,9.981684981684982,8.446886446886447,5.629035502563029,13.237442324013063,10.181635133512728,8.723238501356635,0.014341050956902364,False,0.008320802024432583,False,0.02003170328402742,False,0.03271644009989645,False,-32.33805011034662,ผลไม้,32.33805011034662,Q3,price FELL since training
W14007,0.21978021978021978,0.6153846153846154,0.8424908424908425,1.794871794871795,0.23217938321850676,0.5891747177738846,0.816587147695241,1.7166039323632096,,False,-0.04259108361743752,True,-0.030746559474779177,True,-0.04360638054049753,True,15.376101297206352,ผลไม้,15.376101297206352,Q2,price ROSE since training
W14009,2.161172161172161,5.073260073260073,5.65934065934066,4.322344322344322,2.3515052166613906,4.9888586177057395,5.120401815617041,3.591879869118715,0.08806936296366044,False,-0.0166365323944643,True,-0.09522997044436761,True,-0.16899728451744983,True,-4.6678372841674,ผลไม้,4.6678372841674,Q1 (smallest gap),price FELL since training
W14010,3.663003663003663,6.355311355311355,5.402930402930403,5.934065934065934,3.820009280473758,6.229472066019918,5.019756219325921,5.025736015794915,0.04286253356933603,False,-0.019800648977845718,True,-0.07091969635527026,True,-0.15307041215307918,True,39.44114149821642,ผลไม้,39.44114149821642,Q4 (largest gap),price ROSE since training
W14011,2.967032967032967,6.043956043956044,9.12087912087912,7.032967032967033,3.1235060080503807,5.672043007372063,8.604643999875247,6.499038996713939,0.052737210120683824,False,-0.06153470241662222,True,-0.05659927230283433,True,-0.07591789265473683,True,57.01497676019968,ผลไม้,57.01497676019968,Q4 (largest gap),price ROSE since training
W14012,6.95970695970696,12.93040293040293,11.794871794871796,9.725274725274724,6.367273257328914,11.999663751203935,10.496764347230123,8.009703216971932,-0.0851233688153719,True,-0.0719806787312538,True,-0.11005693577831574,True,-0.17640339802887472,True,-11.931690172576944,ผลไม้,11.931690172576944,Q2,price FELL since training
W14013,6.509157509157509,12.168498168498168,11.06959706959707,10.84981684981685,6.417536208044479,11.7877682696332,9.948000443287384,8.873263739840889,-0.014075754194629891,True,-0.03128815845579063,True,-0.10132226306503775,True,-0.18217386867773042,True,-18.2349753273054,ผลไม้,18.2349753273054,Q2,price FELL since training
W14014,0.6886446886446886,1.1611721611721613,1.424908424908425,2.3003663003663,3.6854165884164662,3.1253365247677536,7.995697454655127,8.18012364006741,4.351695365094124,False,1.6915358714876867,False,4.611376362778533,False,2.5560091620038268,False,50.1028552620752,ผลไม้,50.1028552620752,Q4 (largest gap),price ROSE since training
W14016,1.2454212454212454,1.8131868131868132,2.5824175824175826,3.2344322344322345,1.1146658383882964,1.8608567723424443,2.7329986907623627,3.3097375338767474,-0.10498890035292675,True,0.02629070474643897,False,0.058310131316489315,False,0.023282385898473416,False,7.721560846560852,ผลไม้,7.721560846560852,Q1 (smallest gap),price ROSE since training
W14019,5.384615384615385,9.340659340659341,8.736263736263735,13.644688644688644,5.625759543953361,9.236324645660735,8.47700355865143,12.814808080484578,0.0447839153056241,False,-0.011169949699850752,True,-0.02967632221725752,True,-0.060820776920190604,True,12.79432132963988,ผลไม้,12.79432132963988,Q2,price ROSE since training
W14020,4.029304029304029,5.347985347985348,5.311355311355311,11.684981684981684,4.651062598595252,5.379993732158955,4.9023594838795646,9.06037117535378,0.15430917219682166,False,0.0059851293694484255,False,-0.07700404200060608,True,-0.22461400286157307,True,29.70336452319332,ผลไม้,29.70336452319332,Q3,price ROSE since training
W14021,8.571428571428571,13.846153846153847,19.12087912087912,34.24908424908425,8.663185315254408,13.615380507249098,18.66166276198167,32.098930051475214,0.01070495344634761,False,-0.01666696336534297,True,-0.024016487735441353,True,-0.06277990330986805,True,20.228547093477182,ผลไม้,20.228547093477182,Q3,price ROSE since training
W14022,2.673992673992674,3.7362637362637363,9.02930402930403,11.941391941391942,2.8421446272741746,3.7851316640665242,9.075881971981062,12.517801962492667,0.06288422362445167,False,0.013079357147216768,False,0.00515853077112774,False,0.048269918944938074,False,16.724894741556934,ผลไม้,16.724894741556934,Q2,price ROSE since training
W14024,7.967032967032967,17.47252747252747,21.025641025641026,11.465201465201465,8.710615395626306,17.932489164582975,21.123919532412575,11.78928352188278,0.09333241517516387,False,0.026324851557893644,False,0.004674221663524925,False,0.028266581940574714,False,16.209587513935343,ผลไม้,16.209587513935343,Q2,price ROSE since training
W14025,6.868131868131868,15.238095238095237,19.12087912087912,10.97069597069597,7.271881096529,15.430118274339389,18.9253473177061,10.777307175017976,0.05878588765462252,False,0.012601511753522443,False,-0.010226088556750012,True,-0.01762776000670874,True,18.950171167744383,ผลไม้,18.950171167744383,Q3,price ROSE since training
W14026,4.212454212454213,10.934065934065934,12.912087912087912,11.208791208791208,4.4204286079267,11.234599417382544,13.097845615484776,11.339368869096806,0.049371313012164485,False,0.02748597686614218,False,0.014386341284352806,False,0.011649575576283697,False,-1.57784305497273,ผลไม้,1.57784305497273,Q1 (smallest gap),price FELL since training
W14027,3.498168498168498,8.80952380952381,11.666666666666666,9.413919413919414,3.686545864566342,8.835802015367445,11.560798484327156,9.309076756348103,0.05385028379749876,False,0.0029829314741423568,False,-0.00907441562910084,True,-0.011136982691427181,True,-27.883551029444323,ผลไม้,27.883551029444323,Q3,price FELL since training
W14030,1.684981684981685,3.15018315018315,7.142857142857143,14.578754578754578,1.7885088169531072,3.229109376341432,7.152285642239637,14.499940830272633,0.06144110223521358,False,0.025054488071175544,False,0.0013199899135490688,False,-0.005406068677279149,True,4.135864135864137,ผลไม้,4.135864135864137,Q1 (smallest gap),price ROSE since training
W14032,1.8681318681318682,2.7472527472527473,4.945054945054945,9.249084249084248,1.890174572284405,2.755548840477353,4.958972497737451,9.324522102272118,0.011799329869887368,False,0.003019777933756545,False,0.0028144384313512462,False,0.008156251057539969,False,-12.592237661715387,ผลไม้,12.592237661715387,Q2,price FELL since training
W14033,3.901098901098901,9.219780219780219,10.604395604395604,5.791208791208791,4.06238165355864,9.23844468113267,10.412468801924597,5.602345477093707,0.041342902743200786,False,0.002024393305212174,False,-0.01809879691695511,True,-0.03261207131778485,True,-26.91682090975377,ผลไม้,26.91682090975377,Q3,price FELL since training
W14034,4.102564102564102,9.139194139194139,12.326007326007327,9.139194139194139,4.368868090730884,8.85630387526292,12.000411819625686,8.56968484955393,0.0649115971156531,False,-0.030953523869027093,True,-0.0264153263721212,True,-0.06231504451774629,True,15.856550088915233,ผลไม้,15.856550088915233,Q2,price ROSE since training
W14035,3.4065934065934065,7.619047619047619,12.417582417582418,10.366300366300367,3.508187723683787,7.711230616866451,12.473895202189574,10.390464642982343,0.029822847920079464,False,0.012099018463721729,False,0.004534923362169222,False,0.002331041531512158,False,4.550664832645575,ผลไม้,4.550664832645575,Q1 (smallest gap),price ROSE since training
W14036,2.3076923076923075,6.190476190476191,9.926739926739927,10.366300366300367,2.3413446237752726,6.279830219981434,10.029384424398234,10.46811159713801,0.014582670302618233,False,0.014434112458539372,False,0.010340202162626518,False,0.009821366084338073,False,22.678592444392148,ผลไม้,22.678592444392148,Q3,price ROSE since training
W15001,4.798534798534798,7.069597069597069,10.87912087912088,23.772893772893774,4.176766392075535,4.720286582415794,5.496239490998097,14.803590837415758,-0.12957463737662506,True,-0.3323117943007711,True,-0.4947901073931042,True,-0.3772911712458395,True,126.49052668173128,พืชอาหาร,126.49052668173128,Q4 (largest gap),price ROSE since training
W15002,4.798534798534798,7.069597069597069,10.87912087912088,18.406593406593405,3.548316480475904,3.8400741130004437,5.188910487807277,10.082755700135843,-0.2605416800229604,True,-0.4568185322025279,True,-0.5230395410197352,True,-0.45222043658963473,True,123.38277499809516,พืชอาหาร,123.38277499809516,Q4 (largest gap),price ROSE since training
W15003,4.798534798534798,7.069597069597069,10.87912087912088,18.406593406593405,3.739135211203998,5.071354303604517,6.313161144326458,11.32094598427797,-0.22077563919183857,True,-0.28265299228806573,True,-0.419699329157871,True,-0.38495159130191325,True,131.59339096803546,พืชอาหาร,131.59339096803546,Q4 (largest gap),price ROSE since training
W15007,4.4322344322344325,6.318681318681318,9.743589743589743,25.42124542124542,3.809195857344966,6.634242466517857,7.407798375838842,17.55171632592058,-0.14056986028497878,True,0.04994098165760868,False,-0.2397259561639082,True,-0.30956504942704344,True,132.75615681417617,พืชอาหาร,132.75615681417617,Q4 (largest gap),price ROSE since training
W15008,4.065934065934066,5.897435897435898,9.322344322344323,16.84981684981685,3.4998133173792354,3.9084275633424195,6.360594166067494,10.069682166689919,-0.13923510302294476,True,-0.33726663056367673,True,-0.31770443719590347,True,-0.40238625402035916,True,108.12139083425484,พืชอาหาร,108.12139083425484,Q4 (largest gap),price ROSE since training
W15009,4.322344322344322,6.73992673992674,10.824175824175825,18.35164835164835,4.606629228417253,6.002446604299021,8.951835632324219,16.00816191509093,0.06577099945585604,False,-0.10941960707954737,True,-0.17297762178527526,True,-0.1276989615130091,True,83.71778241497941,พืชอาหาร,83.71778241497941,Q4 (largest gap),price ROSE since training
W15010,3.47985347985348,8.608058608058608,15.036630036630036,8.663003663003662,3.987338349059388,9.051712804661566,15.337435865576888,8.46361830994323,0.14583512557180303,False,0.05153940241387559,False,0.020004869988426398,False,-0.02301572997272639,True,49.45077567825896,พืชอาหาร,49.45077567825896,Q4 (largest gap),price ROSE since training
W15011,3.47985347985348,8.608058608058608,15.036630036630036,11.63003663003663,4.097712443425105,9.016525541033063,15.243703206380209,11.892513862022987,0.17755315479479333,False,0.0474516905115006,False,0.013771248560730103,False,0.022568908451110446,False,47.75952639039439,พืชอาหาร,47.75952639039439,Q4 (largest gap),price ROSE since training
W15012,3.1868131868131866,8.315018315018316,14.743589743589743,11.84981684981685,3.521278332441281,8.681259232126314,15.636223677750472,12.714631929502382,0.10495285604191924,False,0.04404571381959622,False,0.06054386683872773,False,0.07298130347887172,False,37.0571774465636,พืชอาหาร,37.0571774465636,Q3,price ROSE since training
W15013,3.47985347985348,8.608058608058608,15.036630036630036,9.304029304029305,3.533676259246938,8.603290683620578,15.034854511638263,9.42422852848039,0.015466967130962149,False,-0.0005538907964178864,True,-0.00011807998118246917,True,0.01291905050202604,False,41.38972414694731,พืชอาหาร,41.38972414694731,Q4 (largest gap),price ROSE since training
W15014,3.47985347985348,8.608058608058608,15.036630036630036,11.63003663003663,4.0675858577965815,9.118477021381532,15.444556742797404,12.028372516562214,0.1688957254510176,False,0.05929541567538649,False,0.027128864989937013,False,0.03425061323511328,False,41.81202850582938,พืชอาหาร,41.81202850582938,Q4 (largest gap),price ROSE since training
W15015,2.967032967032967,7.362637362637362,12.692307692307692,11.446886446886447,3.300511747926146,7.664486776778113,12.88860489422585,11.58519039223919,0.11239470022696031,False,0.04099745774150497,False,0.015465840151127612,False,0.012082232666015574,False,18.903236914600555,พืชอาหาร,18.903236914600555,Q3,price ROSE since training
W15016,2.2527472527472527,4.450549450549451,6.73992673992674,11.996336996336996,2.2996499896486164,4.515044229807871,6.760402022700607,12.003918546460051,0.02082023930743462,False,0.01449141953707715,False,0.003037908802861757,False,0.0006319887583492947,False,109.19724770642202,พืชอาหาร,109.19724770642202,Q4 (largest gap),price ROSE since training
W15017,2.2527472527472527,4.450549450549451,6.73992673992674,11.501831501831502,2.464774568438967,4.513789376059731,6.747813242259043,11.385525036207486,0.09411944257534624,False,0.014209464744285189,False,0.0011701169221297275,False,-0.010111995259667597,True,117.29342116234471,พืชอาหาร,117.29342116234471,Q4 (largest gap),price ROSE since training
W15018,1.9597069597069596,4.157509157509158,6.446886446886447,11.208791208791208,2.133459678063026,4.387446777287857,6.79154662946205,11.753010669470706,0.08866260207702076,False,0.05530658167364304,False,0.05346149422905657,False,0.04855291266846503,False,102.32221110382665,พืชอาหาร,102.32221110382665,Q4 (largest gap),price ROSE since training
W15019,2.2527472527472527,4.450549450549451,6.73992673992674,12.124542124542124,2.563903068011497,4.5669962006174165,6.64446297670022,11.650729532206888,0.13812282531242068,False,0.026164578410333053,False,-0.014163917043934736,True,-0.039078802932785296,True,92.18289085545725,พืชอาหาร,92.18289085545725,Q4 (largest gap),price ROSE since training
W15020,2.2527472527472527,4.450549450549451,6.73992673992674,11.501831501831502,2.4790679736015124,4.531346918462397,6.759999062115456,11.411080454732035,0.10046431998896406,False,0.0181544927903163,False,0.002978121716043258,False,-0.007890138808329419,True,101.707590083117,พืชอาหาร,101.707590083117,Q4 (largest gap),price ROSE since training
W15021,2.2344322344322345,5.164835164835165,8.553113553113553,15.695970695970695,2.3550054319612275,5.626571138263185,9.039241713918608,16.191489824008592,0.053961447418713254,False,0.08939994379138258,False,0.05683639738748614,False,0.03156983009436307,False,75.76438848920863,พืชอาหาร,75.76438848920863,Q4 (largest gap),price ROSE since training
W15030,0.21978021978021978,0.7948717948717948,1.673992673992674,3.1062271062271063,0.32361668457478393,0.8796060652959914,1.6297019497378842,2.2328682085533282,,False,0.10660117892076343,False,-0.02645813505811298,True,-0.28116389040677053,True,22.677629927190555,พืชอาหาร,22.677629927190555,Q3,price ROSE since training
W15031,0.21978021978021978,0.7948717948717948,1.673992673992674,3.7655677655677655,0.33609447549114296,0.9073934799585587,1.6529537452446235,2.8769041347852995,,False,0.14155953930270293,False,-0.01256811279697551,True,-0.23599724825254204,True,27.108664599519216,พืชอาหาร,27.108664599519216,Q3,price ROSE since training
W15032,0.21978021978021978,1.2014652014652014,2.73992673992674,5.930402930402931,0.4725831629155756,1.3070022038051061,2.6784729381184,5.407057248629057,,False,0.08784024889876216,False,-0.0224289945102631,True,-0.08824791298595894,True,29.00479188943013,พืชอาหาร,29.00479188943013,Q3,price ROSE since training
W15033,5.714285714285714,21.336996336996336,38.772893772893774,34.48717948717949,11.129652197981056,20.425746945671108,32.66921988686362,31.47532199677967,0.9476891346466847,False,-0.04270748220288193,True,-0.15742115927125472,True,-0.08733267072534792,True,-18.78133916946006,พืชอาหาร,18.78133916946006,Q3,price FELL since training
W15034,5.347985347985348,19.560439560439562,36.13553113553114,29.34065934065934,17.854427128047732,21.299925695845495,27.174584811423724,23.250059002048367,2.3385332917513915,False,0.08892878557412354,False,-0.2479815860599416,True,-0.20758225873168484,True,-2.5459223359061767,พืชอาหาร,2.5459223359061767,Q1 (smallest gap),price FELL since training
W15035,4.835164835164835,13.04029304029304,25.56776556776557,65.49450549450549,75.6696060236557,66.06797639616244,82.59074290069468,46.446791317000056,14.649850336710612,False,4.0664487517281875,False,2.230268311158975,False,-0.29082919297869037,True,111.03523746990592,พืชอาหาร,111.03523746990592,Q4 (largest gap),price ROSE since training
W15041,1.465201465201465,4.175824175824176,6.52014652014652,14.468864468864469,2.1438077710050365,4.901122376158997,7.33182847019517,15.300275138882927,0.46314880371093753,False,0.173689832185444,False,0.12448829908049514,False,0.05746205390254156,False,-3.738179669030729,พืชอาหาร,3.738179669030729,Q1 (smallest gap),price FELL since training
W15042,1.465201465201465,4.175824175824176,5.054945054945055,8.241758241758241,2.113938216324691,4.641828935224932,5.373824681991186,8.081895933046447,0.4427628326416018,False,0.1115958765933388,False,0.06308270882869121,False,-0.019396626790364378,True,1.8416296223926587,พืชอาหาร,1.8416296223926587,Q1 (smallest gap),price ROSE since training
W16001,0.30842494265937104,0.6316849617731004,1.0523808954399585,1.578571380713047,0.30998851440765046,0.6289967145675268,1.028399666587075,1.5477281263023068,,False,-0.00425567706729609,True,-0.02278759426059133,True,-0.019538713793739365,True,23.59394795667256,พืชไร่,23.59394795667256,Q3,price ROSE since training
W16002,0.3371794616783058,0.7611720902579171,1.0798533705127982,1.623626246120467,0.34450466204912233,0.7390056617094047,1.038538124098446,1.5791658935966073,,False,-0.029121441566520714,True,-0.0382600522835175,True,-0.027383366479874466,True,24.659724590628624,พืชไร่,24.659724590628624,Q3,price ROSE since training
W16003,0.3919415316738925,1.1397434975201393,2.3785714299687535,3.932783930292933,0.5369833397777962,1.0654109668382359,1.753189967228816,2.8756307734674587,,False,-0.06521864862018212,True,-0.2629231373338041,True,-0.2688052981203909,True,34.717043798748634,พืชไร่,34.717043798748634,Q3,price ROSE since training
W16004,8.205128205128204,18.736263736263737,28.26007326007326,37.49084249084249,8.968361990792411,19.72487296638908,27.591366610684236,36.362191839532535,0.09301911762782525,False,0.05276448090405047,False,-0.0236625943335325,True,-0.030104702277246452,True,10.655159816180948,พืชไร่,10.655159816180948,Q2,price ROSE since training
W16005,0.29864467194665484,0.6411355179308098,1.1545421282450359,1.6387545739338074,0.30914770028530025,0.6381664153857108,1.144281689500634,1.6249449663546496,,False,-0.004631006178976638,True,-0.008887019791991703,True,-0.00842689185971763,True,17.910628866621156,พืชไร่,17.910628866621156,Q2,price ROSE since training
W16006,12.234432234432234,34.94505494505494,67.67399267399267,100.71428571428571,14.57100836785285,31.502716288025127,53.294623294592775,82.9588618575435,0.19098361809096653,False,-0.09850717540557019,True,-0.21247999137083476,True,-0.17629498864850424,True,22.014769058903735,พืชไร่,22.014769058903735,Q3,price ROSE since training
W16007,0.5801831269875551,1.5219779765649593,2.8831868224091584,4.402967054765303,0.7839020460079877,1.485725605444157,2.35535519638341,2.900138030558715,0.3511286515314368,False,-0.023819248161936188,True,-0.18307229414453913,True,-0.34132188715336526,True,30.23632978699112,พืชไร่,30.23632978699112,Q3,price ROSE since training
W16016,0.0,0.0,0.0,0.0,0.08334339756668706,0.07439830626323546,0.13676050207117102,0.14453419486244956,,False,,False,,False,,False,15.738180726358314,พืชไร่,15.738180726358314,Q2,price ROSE since training
W16017,0.5097069583096348,1.2156776665767908,1.176373778682052,0.8109523612500984,0.5143560577224899,1.2026215333205004,1.1269056159498054,0.7389364487085587,0.00912112212137188,False,-0.01073979856276786,True,-0.04205139865295891,True,-0.08880412214414891,True,5.87364079199131,พืชไร่,5.87364079199131,Q1 (smallest gap),price ROSE since training
W16023,8.081538441416981,9.168974348913618,7.0114651914044615,12.563662993602264,7.240458198519417,8.68354979015532,6.528274983276814,7.059179941813151,-0.10407427360453078,True,-0.05294207839242278,True,-0.06891429892856099,True,-0.4381272447845931,True,4.912730097673584,พืชไร่,4.912730097673584,Q1 (smallest gap),price ROSE since training
W16024,7.24047608427949,8.338278410635589,6.254395844735505,12.015348106076866,6.539901398040436,8.475146800170451,5.452937674609733,7.039662245865706,-0.09675809685500393,True,0.016414466247647152,False,-0.12814317961668215,True,-0.414110836929865,True,10.222483923673687,พืชไร่,10.222483923673687,Q2,price ROSE since training
W16025,7.664358509329213,8.849963065905449,6.5543949001438016,12.508643908378405,6.7809999486902255,8.414077842628563,5.72000003297687,7.494229341164614,-0.11525538106858456,True,-0.049252773150674146,True,-0.12730311186294638,True,-0.40087595457530695,True,8.121192804486336,พืชไร่,8.121192804486336,Q1 (smallest gap),price ROSE since training
W16026,7.482197841881832,8.49186763833294,6.8534798953996034,13.25065932780395,6.671353043217362,7.978346087557056,5.775783930069361,8.368734003423334,-0.10836986882727712,True,-0.06047215673237863,True,-0.15724799397947398,True,-0.36842886105575423,True,9.57489676356265,พืชไร่,9.57489676356265,Q2,price ROSE since training
W16027,7.479413811540429,8.852637392260652,7.052673884800503,13.567948407742566,6.559768313453311,8.590999435592483,6.847177442613539,8.355314387506617,-0.12295689491977863,True,-0.02955480328347165,True,-0.029137380452233463,True,-0.38418734089977474,True,9.024748024712425,พืชไร่,9.024748024712425,Q2,price ROSE since training
W16028,7.705531459151607,8.967875456198668,6.676154210017278,12.824761876256474,6.987782963902959,8.493056189009557,6.692693018651271,8.093312392741332,-0.09314717603238143,True,-0.052946683917305205,True,0.002477295777436882,False,-0.3689307863310008,True,6.963187448752147,พืชไร่,6.963187448752147,Q1 (smallest gap),price ROSE since training
W16029,2.940842736771692,3.383333213163383,5.03956049265879,7.883406586699433,3.0091143318148323,5.763928060566549,6.985153645386189,5.079217833913726,0.023214976506389248,False,0.7036241178199926,False,0.38606405371293323,False,-0.3557077415640113,True,16.72579466662182,พืชไร่,16.72579466662182,Q2,price ROSE since training
W16030,8.241977649730641,9.056739471770905,6.603699540917253,12.194981138348142,7.377673725505452,9.361875387338491,6.50273457900945,7.223707778986557,-0.10486608444678759,True,0.033691585864721964,False,-0.015289151373743233,True,-0.4076491224516124,True,7.907063097508745,พืชไร่,7.907063097508745,Q1 (smallest gap),price ROSE since training
W16031,0.09945055940649011,0.32838829707750034,0.6126373770472767,0.9106227517564655,0.11611009954096196,0.27710423190078454,0.5063165356388022,0.7900050284661653,,False,,True,-0.17354612270134123,True,-0.132456303181142,True,41.829939813036255,พืชไร่,41.829939813036255,Q4 (largest gap),price ROSE since training
W16033,8.242124634347993,9.010036244933858,6.553186982542604,12.523919311635224,7.4425803663093095,9.179803072751223,5.644826532720209,8.359051840645927,-0.09700705867837595,True,0.018841969466307302,False,-0.13861354059364184,True,-0.33255304249045803,True,10.166489742204757,พืชไร่,10.166489742204757,Q2,price ROSE since training
W16034,3.698827946142399,4.485604478326036,4.58996336102049,6.025897364913326,3.297631330105848,6.3460287017263335,6.526151566278367,6.655109503330329,-0.10846587672588806,True,0.41475440654423934,False,0.42183086289982996,False,0.10441799790362899,False,10.300223578101996,พืชไร่,10.300223578101996,Q2,price ROSE since training
W16035,0.4899267049936148,1.0631868027068756,1.0976189693688474,0.9069597520234384,0.48431762234195247,1.0142085805480734,1.0190928008530167,0.8000899112268245,,True,-0.04606737220035422,True,-0.07154228444228221,True,-0.11783305770535676,True,9.30782826360875,พืชไร่,9.30782826360875,Q2,price ROSE since training
W16036,6.418314811510918,7.380586142068381,7.027032803266477,11.785677466200385,5.840377290606935,6.8379759177183495,5.912984687330085,7.1877299298296915,-0.09004505666619551,True,-0.07351858157406009,True,-0.15853748618030253,True,-0.39013010067150916,True,9.786980179494858,พืชไร่,9.786980179494858,Q2,price ROSE since training
W16037,0.3033333523369534,0.5831135463365268,0.7152380821032401,0.3393040436964769,0.307149411994459,0.5968227089543046,0.7484090302016709,0.34064028289291887,,False,0.02351027977982513,False,0.04637749153524907,False,,False,4.681599098369022,พืชไร่,4.681599098369022,Q1 (smallest gap),price ROSE since training
W16038,0.4521978014991397,0.6156776414249406,0.6090842358795278,0.9500732229742812,0.4556470703292679,0.6230991838615892,0.6057767937908243,0.9385672471462152,,False,0.012054266611780794,False,-0.005430188295593435,True,-0.012110620055205447,True,5.6557713641294605,พืชไร่,5.6557713641294605,Q1 (smallest gap),price ROSE since training
W16039,0.23659340016571156,0.39945059556227464,0.5694505583235633,1.3206959417014767,5.567175896613152,5.5218930541377365,5.208385556608766,6.109273699177054,,False,,False,8.146334972331958,False,3.625798797644797,False,-38.82127220323076,พืชไร่,38.82127220323076,Q4 (largest gap),price FELL since training
W16040,0.5502563832880376,1.315238124721653,1.2081685747419084,0.7056043471172179,1.438685186616667,1.431309937557458,1.3845951758024893,1.853221404246795,1.614572461694773,False,0.08825155738271327,False,0.14602813278624588,False,1.6264313872472929,False,-13.306581059390082,พืชไร่,13.306581059390082,Q2,price FELL since training
W16042,0.39908421170580516,0.9774725044166649,0.9510989119281699,0.7380952695350507,0.4046105622371911,0.9539338817526569,0.9144516288142501,0.664380417638646,,False,-0.02408110975771674,True,-0.03853151618018827,True,-0.09987173057326325,True,7.447197479481902,พืชไร่,7.447197479481902,Q1 (smallest gap),price ROSE since training
W16044,111.28205128205128,279.15750915750914,479.4139194139194,575.5421245421245,109.6081319396749,273.58935546875,468.20769481169873,571.6361088455815,-0.015042132339326912,True,-0.019946279451925536,True,-0.023374841965206658,True,-0.0067866721304725925,True,11.11274334463305,พืชไร่,11.11274334463305,Q2,price ROSE since training
W16045,0.495787480811933,1.0904760325784648,1.0727105123219474,0.8730767777551225,0.5030483448461736,1.080279032389323,1.051552524496784,0.84621032952389,,False,-0.009350962226130452,True,-0.019723856140241938,True,-0.030772148470507056,True,-4.094483274644767,พืชไร่,4.094483274644767,Q1 (smallest gap),price FELL since training
W17001,0.5128205128205128,1.6776556776556777,3.249084249084249,4.912087912087912,0.5640457139347063,1.7080574175377032,3.1909210428650128,4.8204866625887135,0.0998891421726773,False,0.018121561108718286,False,-0.01790141521741997,True,-0.018648129092678073,True,3.3284137718351383,อาหารสัตว์และวัตถุดิบอาหารสัตว์,3.3284137718351383,Q1 (smallest gap),price ROSE since training
W17002,0.5128205128205128,1.6776556776556777,3.2857142857142856,4.622710622710622,0.5639718932546539,1.691800030159863,3.2015853574424438,4.507687649010738,0.09974519184657522,False,0.008431022344197807,False,-0.025604456430560554,True,-0.024882148827312472,True,3.7921212706382152,อาหารสัตว์และวัตถุดิบอาหารสัตว์,3.7921212706382152,Q1 (smallest gap),price ROSE since training
W17003,0.5128205128205128,1.6776556776556777,3.249084249084249,4.915750915750916,0.5797479021680224,1.6824140024709178,3.239838156508002,4.983371203635638,0.1305084092276438,False,0.0028362940492588236,False,-0.0028457534084729264,True,0.013755840978039587,False,9.14987315111771,อาหารสัตว์และวัตถุดิบอาหารสัตว์,9.14987315111771,Q2,price ROSE since training
W17004,0.5860805860805861,1.8974358974358974,3.7252747252747254,5.153846153846154,0.6184278075948303,1.9031510265755567,3.710951885460934,5.130381524781168,0.055192446708679135,False,0.003012027519550185,False,-0.003844774109306821,True,-0.0045528384752958825,True,10.21357580883908,อาหารสัตว์และวัตถุดิบอาหารสัตว์,10.21357580883908,Q2,price ROSE since training
W17005,0.5128205128205128,1.6776556776556777,3.2857142857142856,4.622710622710622,0.5652449052412432,1.6899247152028067,3.2606158832927328,4.62074694790683,0.10222756522042425,False,0.007313203603419716,False,-0.007638644215255204,True,-0.00042478860652560063,True,11.811216671774442,อาหารสัตว์และวัตถุดิบอาหารสัตว์,11.811216671774442,Q2,price ROSE since training
W17006,0.5128205128205128,1.6776556776556777,3.2857142857142856,4.622710622710622,0.5652449192144932,1.689924833975432,3.2606161138513587,4.620746689401703,0.10222759246826175,False,0.007313274400202913,False,-0.007638574045238605,True,-0.00042484452720671965,True,12.302486672838128,อาหารสัตว์และวัตถุดิบอาหารสัตว์,12.302486672838128,Q2,price ROSE since training
W17007,0.5128205128205128,1.6776556776556777,3.2857142857142856,4.501831501831502,0.534296126592727,1.6771457099215887,3.2979693011049824,4.539997911278581,0.041877446855817665,False,-0.0003039764004504041,True,0.003729787292820779,False,0.008477973782793037,False,9.587888982338104,อาหารสัตว์และวัตถุดิบอาหารสัตว์,9.587888982338104,Q2,price ROSE since training
W17012,0.5487179738697988,1.1882784916804388,2.252014942658253,4.54395620464842,0.5749298417087876,0.9812257508218507,1.7588339375925588,3.7932356879824685,0.047769289666476984,False,-0.17424597205809755,True,-0.21899544080446867,True,-0.16521297364133306,True,45.76864463874188,อาหารสัตว์และวัตถุดิบอาหารสัตว์,45.76864463874188,Q4 (largest gap),price ROSE since training
W17013,0.5384613847557879,1.184615278418684,2.273626467247149,4.654945258255843,0.5716856023767493,1.1273594112186642,2.087994089930049,4.33671081109798,0.06170213605202127,False,-0.04833287924198428,True,-0.08164594316227299,True,-0.06836480978878408,True,36.283082036118365,อาหารสัตว์และวัตถุดิบอาหารสัตว์,36.283082036118365,Q3,price ROSE since training
W17015,0.43956043956043955,1.4578754578754578,2.8095238095238093,4.3992673992674,0.4654508038754865,1.4534274719573639,2.8139112004430302,4.430747538695842,,False,-0.0030510054161800018,True,0.0015616137170108334,False,0.007155768579487716,False,4.011175414089006,อาหารสัตว์และวัตถุดิบอาหารสัตว์,4.011175414089006,Q1 (smallest gap),price ROSE since training
W18019,0.09010989674718389,0.10769236044132666,0.10769236044132666,0.10769236044132666,0.11347851211771423,0.12574593400780534,0.12176981077089415,0.1152667230738825,,False,,False,,False,,False,17.194186235193218,พืชน้ำมันและน้ำมันพืช,17.194186235193218,Q2,price ROSE since training
W18020,2.03021978021978,4.075091575091575,7.435897435897436,5.478021978021978,1.9684656653212103,4.030128576816657,7.235142885983645,5.371146009955214,-0.03041745307588556,True,-0.01103361665532814,True,-0.026998025678061525,True,-0.019509956056320034,True,13.609468698805031,พืชน้ำมันและน้ำมันพืช,13.609468698805031,Q2,price ROSE since training
W18021,2.03021978021978,4.075091575091575,7.435897435897436,5.517399267399267,1.9959348671602242,4.016763414655413,7.2836584223932395,5.418604393145103,-0.01688729141228466,True,-0.01431333734748056,True,-0.020473522505736794,True,-0.017906058537020264,True,13.553539518900346,พืชน้ำมันและน้ำมันพืช,13.553539518900346,Q2,price ROSE since training
W18022,2.978021978021978,7.475274725274725,12.27930402930403,15.245421245421245,2.8600670531555847,7.207685086316678,11.743424740466443,14.580025375981034,-0.03960848030568928,True,-0.035796629393873305,True,-0.043640851921145814,True,-0.04364562046063852,True,-8.35047060436449,พืชน้ำมันและน้ำมันพืช,8.35047060436449,Q2,price FELL since training
W18024,2.18040293040293,4.064102564102564,7.863553113553113,6.242673992673993,2.0937552679152716,4.085547506590903,7.628336616488167,5.930011735294328,-0.03973928913755702,True,0.005276673546026563,False,-0.029912241154643183,True,-0.050084668484464405,True,9.634516553125389,พืชน้ำมันและน้ำมันพืช,9.634516553125389,Q2,price ROSE since training
W18025,2.03021978021978,4.075091575091575,7.435897435897436,5.478021978021978,1.9813524043603694,4.011924093896216,7.263209814553733,5.392117552704864,-0.024069992980819344,True,-0.015500874037153287,True,-0.02322350769794632,True,-0.01568165035879115,True,13.451449757458716,พืชน้ำมันและน้ำมันพืช,13.451449757458716,Q2,price ROSE since training
W18026,2.191355471209292,4.035457471351484,7.3430034930889425,8.38007336571103,2.284353193345961,4.278862055404719,7.193824851905907,8.147603157239082,0.04243844659549836,False,0.060316478560661996,False,-0.02031575244699787,True,-0.02774083212960317,True,13.47645185296298,พืชน้ำมันและน้ำมันพืช,13.47645185296298,Q2,price ROSE since training
W18027,21.95970695970696,45.95238095238095,93.35897435897436,112.13186813186813,23.52922846196772,50.218837193080354,90.48150165264423,109.7791996211796,0.07147278901037318,False,0.09284516171470208,False,-0.03082159723891112,True,-0.020981265628445347,True,13.226448928675213,พืชน้ำมันและน้ำมันพืช,13.226448928675213,Q2,price ROSE since training
W18028,21.582417582417584,60.38461538461539,107.44688644688645,116.37728937728937,23.71379631517571,64.51722465766655,106.39115039420216,114.35205882984204,0.0987553282489763,False,0.0684381153498918,False,-0.009825655145495268,True,-0.017402283197038897,True,14.186383024069055,พืชน้ำมันและน้ำมันพืช,14.186383024069055,Q2,price ROSE since training
W18029,20.21245421245421,53.08424908424909,86.20879120879121,107.43956043956044,21.84628441220238,55.87633539556147,86.31052094064789,107.19110129779075,0.08083284605495648,False,0.05259726490396633,False,0.001180038954615397,False,-0.0023125480107437295,True,18.504676302343903,พืชน้ำมันและน้ำมันพืช,18.504676302343903,Q3,price ROSE since training
W18030,17.94139194139194,38.446886446886445,70.70695970695971,94.6923076923077,21.756820063887936,41.3780043605483,70.73640704591632,93.75507217798477,0.21266065280551377,False,0.07623810884429184,False,0.00041647016190001006,False,-0.009897694302354166,True,17.08988282867995,พืชน้ำมันและน้ำมันพืช,17.08988282867995,Q2,price ROSE since training
W18031,0.13970701336423993,0.20208790538075205,0.20208790538075205,0.20208790538075205,0.37826151026910915,0.43491139953389707,0.4217625712300395,0.3927587432302398,,False,,False,,False,,False,16.05825600450729,พืชน้ำมันและน้ำมันพืช,16.05825600450729,Q2,price ROSE since training
W18032,20.26007326007326,44.53846153846154,67.35531135531136,74.3076923076923,21.33687460204184,44.91063715337397,68.47434891361894,75.54332970699548,0.053148936242527964,False,0.008356274600797194,False,0.01661394678148629,False,0.016628660653148282,False,18.73644814189533,พืชน้ำมันและน้ำมันพืช,18.73644814189533,Q3,price ROSE since training
W18033,17.494505494505493,47.234432234432234,74.13186813186813,81.75457875457876,17.976573119670043,48.49067224076379,75.06970561380352,82.28805519634987,0.027555373046466124,False,0.026595852790113665,False,0.01265093549601548,False,0.006525340230454508,False,14.064779690691568,พืชน้ำมันและน้ำมันพืช,14.064779690691568,Q2,price ROSE since training
W18034,21.706959706959708,48.934065934065934,85.23809523809524,92.54945054945055,22.520344046009328,50.191894084105996,84.89271394499056,91.54828596289778,0.037471131380449905,False,0.025704550113102548,False,-0.0040519593045800426,True,-0.010817617831429894,True,20.51717782489745,พืชน้ำมันและน้ำมันพืช,20.51717782489745,Q3,price ROSE since training
W18035,21.065934065934066,44.556776556776555,74.3040293040293,82.32234432234432,21.198355873862464,45.05829304565877,74.60731623722957,82.93015867799193,0.006286063913137343,False,0.011255672596583792,False,0.004081702379278947,False,0.007383346048402428,False,19.68179232008832,พืชน้ำมันและน้ำมันพืช,19.68179232008832,Q3,price ROSE since training
W18036,231.75824175824175,384.15750915750914,646.6758241758242,484.0934065934066,244.84567182491986,388.2744632483402,653.5651283124428,480.1613071986607,0.05647018189036074,False,0.010716838777562685,False,0.010653412233863572,False,-0.008122604731215588,True,9.519747438895022,พืชน้ำมันและน้ำมันพืช,9.519747438895022,Q2,price ROSE since training
W18037,1.8041391966543792,3.026373719994402,4.88421248690986,3.683589837489984,1.8993332062885437,3.0534304943713515,4.908193015353584,3.63952767368638,0.05276422673521737,False,0.008940328221261349,False,0.004909804499291187,False,-0.01196174540258478,True,5.733434574644031,พืชน้ำมันและน้ำมันพืช,5.733434574644031,Q1 (smallest gap),price ROSE since training
W18038,57.23992673992674,103.81611717140282,151.6069597516741,141.9000000447144,55.755569178542814,102.54811940175709,148.80317525898582,139.02834781185612,-0.02593220582074112,True,-0.012213881661093504,True,-0.018493771640040645,True,-0.0202371545592205,True,-2.8641211672612257,พืชน้ำมันและน้ำมันพืช,2.8641211672612257,Q1 (smallest gap),price FELL since training
W18039,2.0287180051698788,3.379560484554305,5.1268498207623265,3.8774724967313774,2.079696459647937,3.436390901223207,5.147069407033396,3.865331929245275,0.02512840835845456,False,0.016815919386155617,False,0.00394386162613661,False,-0.0031310518633818345,True,2.6806733206267563,พืชน้ำมันและน้ำมันพืช,2.6806733206267563,Q1 (smallest gap),price ROSE since training
W18040,56.88095238095238,103.53846153846153,153.1886446886447,142.49084249084248,55.730846810253546,102.42777305295616,150.59019609947345,139.79657205993877,-0.020219520288552124,True,-0.010727303351835001,True,-0.016962409938756175,True,-0.018908376031792132,True,-2.429237764671756,พืชน้ำมันและน้ำมันพืช,2.429237764671756,Q1 (smallest gap),price FELL since training
W18041,2.009121087881235,3.3706595661875967,5.162857118543688,3.918168392810193,2.063265175173134,3.430704130794539,5.189051435980605,3.8920347472250243,0.026949140904691766,False,0.017813891740736148,False,0.005073608824624181,False,-0.006669862794341266,True,3.1133332928586523,พืชน้ำมันและน้ำมันพืช,3.1133332928586523,Q1 (smallest gap),price ROSE since training
W18042,50.43040293040293,98.56227106227107,150.78754578754578,125.8974358974359,50.115364270332535,98.9314443287832,150.5533248286544,124.70015752883185,-0.006246998670725779,True,0.003745584010324737,False,-0.0015533176673714108,True,-0.009509950381987329,True,-0.1061793800386462,พืชน้ำมันและน้ำมันพืช,0.1061793800386462,Q1 (smallest gap),price FELL since training
W18043,1.737985352456788,3.2469962542746966,4.880893672342266,3.839501733744974,1.8451457949348422,3.2781147939381583,4.88104755275852,3.7727845998910756,0.06165785133147057,False,0.009583792904748156,False,3.1527098639047415e-05,False,-0.01737650832854912,True,5.779583579559681,พืชน้ำมันและน้ำมันพืช,5.779583579559681,Q1 (smallest gap),price ROSE since training
W18044,1.7142857142857142,4.758241758241758,6.956043956043956,10.571428571428571,1.7657758202744929,5.497508597461295,7.516394541813777,9.386072249639602,0.030035895160120896,False,0.15536554819625378,False,0.08055592939186997,False,-0.11212830070976737,True,12.51717235153275,พืชน้ำมันและน้ำมันพืช,12.51717235153275,Q2,price ROSE since training
W18045,0.2600732600732601,0.8461538461538461,1.7252747252747254,4.534798534798535,0.3432164593930646,0.9705528357090094,1.8462844401488812,4.6267876258263225,,False,0.14701698765610205,False,0.07013938887610303,False,0.020285154968163233,False,24.5697896749522,พืชน้ำมันและน้ำมันพืช,24.5697896749522,Q3,price ROSE since training
W18046,1.8168498168498168,6.388278388278389,9.582417582417582,12.655677655677655,1.7992758139585838,6.455141535608759,10.07809062580486,12.690222003084399,-0.009672787881666556,True,0.010466536250683025,False,0.05172734741770904,False,0.0027295533551493596,False,17.17935831988785,พืชน้ำมันและน้ำมันพืช,17.17935831988785,Q2,price ROSE since training
W18047,1.2307692307692308,4.996336996336996,9.926739926739927,19.21978021978022,1.3241953587794042,5.03409175383739,9.926505609309716,19.21912079416352,0.07590872900826585,False,0.007556487388275256,False,-2.360467101386062e-05,True,-3.4309737632753726e-05,True,-13.35588977332733,พืชน้ำมันและน้ำมันพืช,13.35588977332733,Q2,price FELL since training
W18086,0.4838827992533589,1.0981685023604733,1.8098900763543098,0.9435898043733814,0.48009923788217396,1.101258424612192,1.7926151918404267,0.911557559128646,,True,0.002813705041691683,False,-0.009544714753439673,True,-0.03394721424105183,True,5.143332600709599,พืชน้ำมันและน้ำมันพืช,5.143332600709599,Q1 (smallest gap),price ROSE since training
W18087,0.5509157582517072,1.2135531020251822,2.0190475834158312,1.101831540956602,0.5373543627532847,1.2129437967097803,1.9949793606014041,1.068522042843885,-0.02461609655432374,True,-0.0005020837690457221,True,-0.011920582264687597,True,-0.03023102613653429,True,2.3256737762024176,พืชน้ำมันและน้ำมันพืช,2.3256737762024176,Q1 (smallest gap),price ROSE since training
W18088,0.5776556979168902,1.2571428564441947,2.0721611155695094,1.0912087653582787,0.5763767350724328,1.2633661437820602,2.0547493333781595,1.0616269565763927,-0.0022140573512379642,True,0.0049503422033260755,False,-0.008402716401019113,True,-0.02710921110698129,True,4.178206083083789,พืชน้ำมันและน้ำมันพืช,4.178206083083789,Q1 (smallest gap),price ROSE since training
W18089,0.4813187026278877,1.106959737700857,1.7901098405048523,0.9208791683881711,0.46995534477653084,1.0868658093742398,1.765367621467227,0.8985150078714113,,True,-0.018152356984863907,True,-0.013821620594324836,True,-0.024285662315398183,True,6.447775621087756,พืชน้ำมันและน้ำมันพืช,6.447775621087756,Q1 (smallest gap),price ROSE since training
W18090,0.5941391969338442,1.286813110658974,2.028571375123747,0.9278388512440217,0.599403902724549,1.2863381066165127,2.0227321827367986,0.9238083249046689,0.008861064575227858,False,-0.0003691321129126586,True,-0.0028784751961672132,True,-0.0043439939316495795,True,7.699806986337639,พืชน้ำมันและน้ำมันพืช,7.699806986337639,Q1 (smallest gap),price ROSE since training
W18091,0.5983516113225357,1.2201464708908136,2.058974339411809,0.9756410375182882,0.59144757606171,1.2295405183519637,2.0332349630502553,0.9575750295059148,-0.011538425116907008,True,0.0076991145614604345,False,-0.012501067093874843,True,-0.018517064491595674,True,9.5355840764645,พืชน้ำมันและน้ำมันพืช,9.5355840764645,Q2,price ROSE since training
W18092,0.6208791348523709,1.2838827611762524,2.190109874739315,1.1347984603909782,0.6131814914745289,1.2860754854949838,2.1313427778390737,1.0838072920020247,-0.01239797401095184,True,0.0017078851629119978,False,-0.02683294458331052,True,-0.04493411840846629,True,7.295947542983504,พืชน้ำมันและน้ำมันพืช,7.295947542983504,Q1 (smallest gap),price ROSE since training
W18093,30.842490842490843,62.67399267399267,116.89010989010988,125.17582417582418,30.834596067994507,61.12149282602164,114.40069043505322,122.68572908618074,-0.00025597071704271655,True,-0.024771037901583432,True,-0.021297092263810876,True,-0.019892779664432654,True,12.760141182803943,พืชน้ำมันและน้ำมันพืช,12.760141182803943,Q2,price ROSE since training
W18094,19.681318681318682,41.36996336996337,70.35164835164835,90.36263736263736,20.790972587389824,41.31836753537803,70.1197748987666,90.72342723804516,0.05638107507117469,False,-0.0012471810555868927,True,-0.0032959206829490635,True,0.00399268863700719,False,14.866008853620718,พืชน้ำมันและน้ำมันพืช,14.866008853620718,Q2,price ROSE since training
W18095,0.6399267549479838,1.3014651846973013,2.220879076164721,1.1888278465131263,0.6280993323623042,1.3150354567028226,2.2086479585249346,1.1595510187603177,-0.018482463022882954,True,0.01042691895648174,False,-0.005507331655764163,True,-0.02462663356908955,True,-0.6702909554759109,พืชน้ำมันและน้ำมันพืช,0.6702909554759109,Q1 (smallest gap),price FELL since training
W18096,0.6501831711430253,1.4260073319459572,2.2318681474133726,1.1615384306226457,0.6352597715217115,1.4368395185295915,2.223281885678078,1.1434773202344175,-0.022952608255114193,True,0.0075961647187693365,False,-0.003847118722154619,True,-0.015549300748100528,True,6.263252324253786,พืชน้ำมันและน้ำมันพืช,6.263252324253786,Q1 (smallest gap),price ROSE since training
W18097,5.824175824175824,11.538461538461538,13.666666666666666,19.17216117216117,9.865437601948832,12.837453318166208,13.104124858702495,18.854121952266482,0.6938770222214034,False,0.1125792875744047,False,-0.04116159570469548,True,-0.016588595153085653,True,20.964876147381226,พืชน้ำมันและน้ำมันพืช,20.964876147381226,Q3,price ROSE since training
W18098,6.593406593406593,15.128205128205128,24.652014652014653,26.67032967032967,11.557556823059754,17.810499254163805,19.968189952137706,16.974481715387476,0.7528961181640628,False,0.177304187987099,False,-0.18999764384344822,True,-0.36354436089812103,True,25.51504266386592,พืชน้ำมันและน้ำมันพืช,25.51504266386592,Q3,price ROSE since training
W18104,0.6106227011907668,1.2380952363485818,2.1476190378377726,1.0805860945593306,1.4199652532081464,1.601536438141987,1.5630881096417213,1.4310835569332807,1.3254380330752393,False,0.29354866340110813,False,-0.27217626492292524,True,0.32435866437545174,False,5.283018867924533,พืชน้ำมันและน้ำมันพืช,5.283018867924533,Q1 (smallest gap),price ROSE since training
W18105,1.478021978021978,3.4954212454212454,5.934065934065934,6.272893772893773,6.068429450849037,7.547188612130972,8.58122714884552,9.971453188103197,3.1057775466710957,False,1.1591642558153055,False,0.4460956861943374,False,0.5896097637092981,False,3.571428571428572,พืชน้ำมันและน้ำมันพืช,3.571428571428572,Q1 (smallest gap),price ROSE since training
W18106,14.725274725274724,39.02930402930403,65.78754578754578,83.16483516483517,26.76878194843893,49.644088130294186,70.19000221783425,80.40185233874199,0.8178799681402559,False,0.2719695973317985,False,0.06691929874547614,False,-0.033222970028340286,True,0.0,พืชน้ำมันและน้ำมันพืช,0.0,Q1 (smallest gap),price FELL since training
