product_id,model_name,paradigm,MAE,RMSE,SMAPE
P11001,baseline,local,6.98901098901099,8.852424078206107,4.159385572353616
P11001,arima,local,6.991225533956472,8.852525862655273,4.160732490802301
P11001,lightgbm,local,15.325616512982515,18.62042289702464,8.424136694949665
P11001,random_forest,local,17.6201271165994,21.84679076307422,9.54797612307821
P11001,mlp,local,11.035417270311068,12.634948502868005,6.156826920112294
P11001,lstm,local,10.803531442719065,12.406200537743752,6.167601836104052
P11001,gru,local,14.28372216975733,15.78223545692892,8.012982282114026
P11002,baseline,local,4.699633699633699,7.428229155165221,3.023363815462009
P11002,arima,local,4.7018692851634585,7.428264843708769,3.0248381432169835
P11002,lightgbm,local,11.937858181773056,14.774543831431014,7.144696809532607
P11002,random_forest,local,11.985101049819177,14.556627471191096,7.302218220112786
P11002,mlp,local,8.81893553122496,10.95781380859694,5.332267276128254
P11002,lstm,local,7.824407444768772,9.285473835564517,4.90203397847139
P11002,gru,local,6.691268261361034,8.586642684203332,4.144731429557816
P11003,baseline,local,7.644688644688645,10.247074651967136,5.268458314335911
P11003,arima,local,7.647386275465092,10.247286676501378,5.270432092880894
P11003,lightgbm,local,11.578998651792697,15.025127077144164,7.402442793889264
P11003,random_forest,local,11.939006945771448,16.7800476647706,7.549312773065306
P11003,mlp,local,10.00167471078726,12.257044650684035,6.576763393699897
P11003,lstm,local,7.9360638740735165,10.122306140084952,5.35744089675008
P11003,gru,local,7.904729967501574,10.47078062621332,5.303884527387131
P11004,baseline,local,7.652014652014652,10.2481689331817,5.2717281058694185
P11004,arima,local,7.654712282791101,10.24838100585688,5.273701884414402
P11004,lightgbm,local,11.498412571206616,14.897098684730375,7.345810918544217
P11004,random_forest,local,11.858420865185368,16.65412362539025,7.492689898547454
P11004,mlp,local,9.088611186380351,11.13861978380702,6.048580266749458
P11004,lstm,local,7.05929225600246,9.077315027154256,4.778761862108828
P11004,gru,local,8.05350596668956,10.118921034288585,5.40763051200926
P11037,baseline,local,7.747252747252747,10.362422325845586,5.851138231548672
P11037,arima,local,7.749545669253697,10.362163892899163,5.853021081985578
P11037,lightgbm,local,12.336950823767516,15.990004524584032,8.41888385067379
P11037,random_forest,local,13.404806380079076,18.33524876838262,8.995126035795007
P11037,mlp,local,9.15172865312178,11.365119577712983,6.462376911964722
P11037,lstm,local,8.181856863839286,10.679091996635268,5.991856773766509
P11037,gru,local,8.664780803303142,11.37237857876674,6.304166381495697
P11038,baseline,local,7.747252747252747,10.362422325845586,5.851138231548672
P11038,arima,local,7.7477676983717245,10.362514438407572,5.851538376294439
P11038,lightgbm,local,12.581872073892622,16.507943507601553,8.54432085700411
P11038,random_forest,local,13.28667707565773,18.214327097267464,8.92586881968315
P11038,mlp,local,12.963692320659485,15.4840021810984,8.912229508483232
P11038,lstm,local,8.75298376956702,11.102739727543522,6.392374167469955
P11038,gru,local,7.810244449154363,10.140786904319068,5.700335717432279
P13001,baseline,local,6.758241758241759,8.96466994969392,24.283931160881544
P13001,arima,local,6.7593603595531535,8.96540869256123,24.288126175819315
P13001,lightgbm,local,6.199347283910516,8.05025030431417,22.020540091389204
P13001,random_forest,local,6.249506427300546,8.257743892844147,22.002831756589707
P13001,mlp,local,6.616605857877067,8.16866812672178,23.908906467705645
P13001,lstm,local,6.31914799449208,7.678181156920404,23.32127181612136
P13001,gru,local,6.345745947422126,7.629958913146282,23.39314365815605
P13002,baseline,local,7.4974358974358974,9.818235379619797,19.730590712577083
P13002,arima,local,7.5068825697927455,9.824421313052143,19.755157176292265
P13002,lightgbm,local,6.890872402976005,8.699838766520584,17.982626762489467
P13002,random_forest,local,6.926891952880615,8.913160142930954,18.03837611803805
P13002,mlp,local,7.677210487114205,9.102766671262652,20.2630807787427
P13002,lstm,local,7.870473986056261,9.047803764746496,21.046932338608087
P13002,gru,local,7.186102473779476,8.507567065614149,19.306534272422063
P13003,baseline,local,5.172161172161172,7.216708007827481,17.554648106867525
P13003,arima,local,5.198418263994225,7.230483027309471,17.65026932300256
P13003,lightgbm,local,5.286230898170132,7.075124554835678,17.66717744199813
P13003,random_forest,local,5.349511517348387,7.19113473252907,17.63202726961618
P13003,mlp,local,4.588598276494624,5.963808187481651,15.77084250719364
P13003,lstm,local,4.591143207759648,5.958765400496,15.881541492063544
P13003,gru,local,4.674736038319794,6.089990241703114,16.214343271031353
P13004,baseline,local,5.112087912087912,7.234546663397317,12.886856217282444
P13004,arima,local,5.113868063900111,7.231773184926131,12.891629560273952
P13004,lightgbm,local,5.276266309843974,7.108098976627763,12.94820041729218
P13004,random_forest,local,5.963329730795342,8.184751722356424,14.191110105814658
P13004,mlp,local,4.718931349031218,6.200491878467113,11.904112737566336
P13004,lstm,local,5.030711585523444,6.33634675173102,12.757284918058978
P13004,gru,local,4.507761633177816,5.968414802479894,11.46687804107739
P13005,baseline,local,4.52014652014652,6.528699929047768,18.71937504504831
P13005,arima,local,4.530779551700759,6.517786401352213,18.769253857187508
P13005,lightgbm,local,4.370131344233726,5.66487977118279,18.88177774432329
P13005,random_forest,local,4.217976586337814,5.6385895732143485,18.132217021057887
P13005,mlp,local,3.846277183840127,5.211091614511117,16.73829743333574
P13005,lstm,local,3.933349923773126,5.356769595173792,17.023788529482026
P13005,gru,local,4.039014208447802,5.353068426052522,17.61391575258192
P13006,baseline,local,4.830769230769231,6.677889408228533,14.295657936906585
P13006,arima,local,4.835924925135095,6.671950369422189,14.312212673869372
P13006,lightgbm,local,4.779053723316112,6.007272237511112,14.533742346309252
P13006,random_forest,local,4.639203525791937,5.836849363349391,14.052257592614808
P13006,mlp,local,4.243435456551912,5.524485417973759,12.921720387558818
P13006,lstm,local,4.582084870949769,5.876878149944547,13.928527282266456
P13006,gru,local,4.337738657521678,5.625883494686214,13.19730508120276
P13007,baseline,local,16.743589743589745,22.27216384368344,31.354627700020803
P13007,arima,local,16.813196054360226,22.31558318028413,31.4918451260419
P13007,lightgbm,local,11.95902170577574,16.000074188308567,24.316291270982184
P13007,random_forest,local,11.98650686870555,15.844865150765,24.651614554012923
P13007,mlp,local,11.654066952156931,15.29110196211908,23.878128430796657
P13007,lstm,local,12.601015348050185,16.69222682524578,25.319407408692296
P13007,gru,local,12.489011778499618,16.57642294415,25.580139643952094
P13008,baseline,local,18.18681318681319,23.48705187888396,27.39509562960266
P13008,arima,local,18.2515967219417,23.543488078294097,27.494015113701828
P13008,lightgbm,local,13.628627316286378,18.14799493749097,21.720050657896078
P13008,random_forest,local,13.939411091773454,18.332256713949185,22.368312184960764
P13008,mlp,local,13.773992059169672,18.115923606355647,22.07754583291411
P13008,lstm,local,14.497144778744206,18.94623574901569,23.178032675886328
P13008,gru,local,13.490743593767888,17.851587914055976,21.32432036315347
P13009,baseline,local,5.131868131868131,7.707504104894679,16.922982799392006
P13009,arima,local,5.142174286893875,7.700806882630192,16.961055388985944
P13009,lightgbm,local,3.926475937229693,5.2910020086204055,13.640441728501337
P13009,random_forest,local,3.8338763717056,5.217518052249386,13.45217533494043
P13009,mlp,local,4.287582415626162,5.981978566355904,14.713429344645482
P13009,lstm,local,4.4557625808995285,6.080441585190807,15.365348650609883
P13009,gru,local,4.234950046748906,5.648092978564901,14.639751922001262
P13010,baseline,local,5.294505494505495,7.962062103718003,13.056056849236606
P13010,arima,local,5.306552233530889,7.9556608573509875,13.08924993590986
P13010,lightgbm,local,4.021151444957569,5.570330132429488,10.220585725469052
P13010,random_forest,local,4.45924750644288,6.103860316408528,11.303851082168569
P13010,mlp,local,4.389929847577553,5.752631360181526,11.26636408329866
P13010,lstm,local,4.76206155714098,6.20081831702603,12.171769452733578
P13010,gru,local,4.489165737166073,5.983889513372654,11.4826847026179
P13011,baseline,local,5.043223443223444,6.685880884020723,18.94450841163309
P13011,arima,local,5.046160790236619,6.6795197345303,18.959116531441424
P13011,lightgbm,local,4.100229890881812,4.9498416977578,15.932439950717072
P13011,random_forest,local,4.365523396035776,5.232277049617626,16.87688898604383
P13011,mlp,local,4.684226236587916,5.471518410404588,17.92440490399091
P13011,lstm,local,4.889604476257995,5.645834123106802,18.80631415926105
P13011,gru,local,4.468019669920534,5.363889315949037,17.282328933248245
P13012,baseline,local,5.712820512820512,7.22005548717719,16.094560840050676
P13012,arima,local,5.714918403632401,7.215715360155386,16.101577660518554
P13012,lightgbm,local,4.55516858330331,5.623733577979539,13.077102865571726
P13012,random_forest,local,4.693811409168439,5.777896566351863,13.447208360033835
P13012,mlp,local,5.606849290337754,6.68007102336872,15.861983215504171
P13012,lstm,local,5.409380269312597,6.368294153220159,15.501050808464592
P13012,gru,local,5.149649064619463,6.121119651420545,14.798976299819753
P13013,baseline,local,8.937728937728938,11.013715693847626,21.17501556377087
P13013,arima,local,8.948916660401174,11.008791321231987,21.201746744727224
P13013,lightgbm,local,6.762014831429855,8.4568661689125,16.96949678444458
P13013,random_forest,local,7.139176548971368,8.927200820214413,18.0477114185147
P13013,mlp,local,7.62020628233969,9.076850661097197,18.422292717110423
P13013,lstm,local,8.016064432165127,9.69368782381191,19.908954407222797
P13013,gru,local,7.573068673270089,9.234116413028527,18.68397472132139
P13014,baseline,local,9.992673992673993,12.372526415460664,18.270248346814785
P13014,arima,local,10.002369368816789,12.368111181549684,18.289609544341605
P13014,lightgbm,local,7.255771337291127,9.489205409686878,13.541252832104684
P13014,random_forest,local,7.720997011942077,10.043449129526454,14.409648924898642
P13014,mlp,local,8.250829195015594,10.030473666294665,15.329609051487967
P13014,lstm,local,7.39960209214207,9.324480608411085,13.786823650906816
P13014,gru,local,7.526883499089616,9.508782511726396,13.949954494388422
P13015,baseline,local,8.912087912087912,13.11622210167107,21.60563984122659
P13015,arima,local,8.919576261585696,13.113139090720926,21.625292531992677
P13015,lightgbm,local,7.006609862949176,10.02573987434486,18.11440827622804
P13015,random_forest,local,7.287819408138932,10.038657865853908,18.937958643257453
P13015,mlp,local,7.580478453024838,9.847767307028985,19.956471773308383
P13015,lstm,local,7.367902674692454,10.345371138302632,19.09377287350205
P13015,gru,local,7.230233970055214,9.866854447847414,18.762105931208136
P13016,baseline,local,10.216849816849816,14.808368895783214,19.513705188800557
P13016,arima,local,10.216922538232255,14.808389210495749,19.513851454201426
P13016,lightgbm,local,8.4342457580477,11.71718638584546,17.066647235428302
P13016,random_forest,local,8.303051808397537,11.334297077903647,16.77749208665444
P13016,mlp,local,8.75201432783525,11.22863036614542,17.671723980195768
P13016,lstm,local,8.84148725851988,11.731217454177004,17.86858695522291
P13016,gru,local,8.392588769821893,11.195044476842703,16.94527514498676
P13017,baseline,local,13.703296703296704,19.19556811612852,32.370424759662995
P13017,arima,local,13.707132628421842,19.1965079910654,32.380483327986255
P13017,lightgbm,local,11.87946013428423,15.68916652818246,29.17476085833487
P13017,random_forest,local,11.867266376892996,15.566960552313947,29.284359353943945
P13017,mlp,local,8.884351905012306,12.160429003820248,23.74840062123216
P13017,lstm,local,9.618797047932942,13.379647773791095,25.04394839634224
P13017,gru,local,9.560418224684048,13.026213393811858,25.46987273516824
P13018,baseline,local,15.586080586080584,21.53880263976344,28.794952950458867
P13018,arima,local,15.587983307454044,21.53912498477859,28.7985878446335
P13018,lightgbm,local,13.922981248046046,18.395409815307797,26.3190485618708
P13018,random_forest,local,14.80931636598151,19.280758357101224,27.918839366728584
P13018,mlp,local,10.430331457228888,13.700905228120495,21.28681405672572
P13018,lstm,local,10.572878754444613,14.93118076108345,21.010000573989117
P13018,gru,local,10.616003070034823,14.475542627092452,21.21892421560913
P13019,baseline,local,8.948717948717949,13.8454952557093,23.723033064847424
P13019,arima,local,8.963109606361655,13.84106912152904,23.769580243474454
P13019,lightgbm,local,8.539017970484897,11.75776450214683,23.65489648768873
P13019,random_forest,local,8.699309470796376,12.05508106505241,23.855507375199508
P13019,mlp,local,7.437366787417903,10.52843103643432,21.36639812018608
P13019,lstm,local,7.353721372723143,10.992459990209914,21.34583639854721
P13019,gru,local,7.526626595298012,10.865825581349547,21.62963265255961
P13020,baseline,local,9.57948717948718,14.049726020182652,19.75877184228972
P13020,arima,local,9.591791242491984,14.044272901544744,19.788924170296845
P13020,lightgbm,local,8.884559359858395,12.003388596876942,18.87936869464433
P13020,random_forest,local,8.877420395306835,11.966432403328126,18.69774022360467
P13020,mlp,local,8.387223583962017,11.153037914573131,18.10408951065762
P13020,lstm,local,7.628165750189143,10.856665726615768,16.633043301982113
P13020,gru,local,7.724760643815818,10.838409751098348,16.815439015292178
P13021,baseline,local,6.677655677655679,9.37965715938132,20.7402172094801
P13021,arima,local,6.682554019701142,9.372750420073393,20.7582770775462
P13021,lightgbm,local,6.187081166363702,8.12005572804431,20.02774731089808
P13021,random_forest,local,6.525921396669929,8.358305813503398,20.942614283954143
P13021,mlp,local,5.560497795356499,7.54198237788984,18.201848341164062
P13021,lstm,local,5.755699824238871,7.644701368949296,18.718796477399337
P13021,gru,local,5.266357940282576,7.088228621359247,17.196597248174804
P13022,baseline,local,11.439560439560442,18.75754857042802,22.00320915460756
P13022,arima,local,11.561759963428871,18.86205321226023,22.27035046269368
P13022,lightgbm,local,8.471645644304015,13.295456740400226,17.27503002444131
P13022,random_forest,local,8.485838824884556,13.263195659505008,17.315235128558975
P13022,mlp,local,8.918316081679349,13.219975807188892,19.04974222944553
P13022,lstm,local,8.609844604603973,13.207920261074657,17.75779621321928
P13022,gru,local,8.523966337210968,13.291251035766935,17.412920639740104
P13023,baseline,local,12.571428571428571,19.9551344596999,18.60143758150241
P13023,arima,local,12.708163784737636,20.06841178587491,18.826544301205026
P13023,lightgbm,local,9.600868334400628,14.711263433070268,15.032536842786214
P13023,random_forest,local,9.744471476207517,15.143600993575012,15.169457465489646
P13023,mlp,local,9.434096161000458,13.621757277311865,15.104938817709993
P13023,lstm,local,10.091930026099794,15.191538323299389,15.899702061897544
P13023,gru,local,9.312944374503669,14.34664008606654,14.597773469418277
P13024,baseline,local,4.437362637362638,6.190757893320475,16.540826028649533
P13024,arima,local,4.451444272076143,6.198795785136954,16.593318736729692
P13024,lightgbm,local,4.126911016486739,5.474802051619619,15.758509783879592
P13024,random_forest,local,3.909771956413522,5.245136612052433,14.870650899264206
P13024,mlp,local,3.6898812430245536,4.844354436851125,13.873460634141242
P13024,lstm,local,3.945519311087472,5.06625139681643,14.836176442612274
P13024,gru,local,3.831695222679949,5.03606948253429,14.4100233152059
P13025,baseline,local,4.378754578754579,5.79631209910653,12.233965161750165
P13025,arima,local,4.388764939065726,5.802026579969767,12.26179181498366
P13025,lightgbm,local,3.808117252715839,4.871509604180295,10.636056612339718
P13025,random_forest,local,4.011019170988162,4.983560924875525,11.266650833605087
P13025,mlp,local,4.132161388467083,5.061418056561667,11.433039358780542
P13025,lstm,local,3.9643959073356654,4.773308886213117,11.000571140437629
P13025,gru,local,3.7850643130012487,4.92995685714471,10.523376810749342
P13028,baseline,local,4.313553113553113,5.819707934870346,16.960141229582344
P13028,arima,local,4.313553113553113,5.819707934870346,16.960141229582344
P13028,lightgbm,local,3.735500694001904,4.908260506275612,15.241936405153895
P13028,random_forest,local,3.833363355964161,5.011533810234118,15.705754245639586
P13028,mlp,local,3.7710588532053055,4.910272837619646,15.422775795101272
P13028,lstm,local,3.6012449886335998,4.636186816598675,14.717589992477432
P13028,gru,local,3.462825267917507,4.560781639704112,14.04406038512387
P13033,baseline,local,0.0,0.0,0.0
P13033,arima,local,0.0,0.0,0.0
P13033,lightgbm,local,0.6639438748352416,0.666483699770388,2.6927304202954643
P13033,random_forest,local,0.0,0.0,0.0
P13033,mlp,local,1.1800536270979998,1.3344428882332957,4.848932666219018
P13033,lstm,local,0.8764021835047682,0.9918928309937648,3.5619460663442224
P13033,gru,local,1.0038470523261327,1.0825897126070871,4.134671873989921
P13034,baseline,local,0.0,0.0,0.0
P13034,arima,local,0.0,0.0,0.0
P13034,lightgbm,local,0.7593026822373871,0.762098427620551,2.65415165931882
P13034,random_forest,local,1.3698630137071178e-05,1.3698630137071178e-05,4.723659985445375e-05
P13034,mlp,local,1.2602673065968049,1.3971253746299237,4.224519090226231
P13034,lstm,local,1.033008797614129,1.1118767844148432,3.60390276868566
P13034,gru,local,1.261700917338277,1.3305512906641126,4.384050483013305
P13035,baseline,local,0.0,0.0,0.0
P13035,arima,local,0.0,0.0,0.0
P13035,lightgbm,local,0.1089750404804419,0.1126210180116436,1.2180202353958156
P13035,random_forest,local,0.0017483288645967,0.0025910168703205,0.0194341962752253
P13035,mlp,local,0.2929254755432352,0.3205983626417404,3.190650049612579
P13035,lstm,local,0.177858637715434,0.194026603717713,1.9491612217086616
P13035,gru,local,0.2466842874939188,0.2776543373508785,2.695510176988732
P13036,baseline,local,0.0,0.0,0.0
P13036,arima,local,0.0,0.0,0.0
P13036,lightgbm,local,0.1063011348936472,0.1130135670719793,0.9709148903650954
P13036,random_forest,local,0.0014519905692749,0.0020781192986843,0.0132046680001838
P13036,mlp,local,0.1671218536712311,0.1943442215623567,1.520132253936436
P13036,lstm,local,0.2629140162205958,0.2870129038855767,2.3871743279010142
P13036,gru,local,0.2453804351471282,0.2785458049134998,2.204612979465909
P13039,baseline,local,0.0,0.0,0.0
P13039,arima,local,0.0,0.0,0.0
P13039,lightgbm,local,0.7821726911904682,0.7821737744840684,3.179465714365032
P13039,random_forest,local,0.0,0.0,0.0
P13039,mlp,local,0.9580344287467092,1.0299448736088843,3.8366205697645377
P13039,lstm,local,0.7257016010773489,0.7730865780543386,2.901442245299785
P13039,gru,local,0.6293647626380781,0.675378410034291,2.5631283936135048
P13040,baseline,local,0.0,0.0,0.0
P13040,arima,local,0.0,0.0,0.0
P13040,lightgbm,local,0.8769875172371997,0.8769903799644476,3.07150919270813
P13040,random_forest,local,0.0,0.0,0.0
P13040,mlp,local,0.8986368926890167,1.0019286359060289,3.040700991485381
P13040,lstm,local,0.991690190633138,1.006764534648358,3.4143523950015764
P13040,gru,local,0.8560962467403203,0.8943330849050781,2.8826534642775967
P13043,baseline,local,1.0340659340659342,1.3200849177712566,30.23173484694748
P13043,arima,local,1.035164835164765,1.320443895268498,30.266778742466244
P13043,lightgbm,local,0.7968550935010669,1.0087325552617536,24.580862625634875
P13043,random_forest,local,0.797814263767819,1.0292540682702076,24.411333705409163
P13043,mlp,local,0.8327700228918167,1.0171433042719045,25.75777880890495
P13043,lstm,local,0.8928086380382162,1.0832275692430675,28.08207061071995
P13043,gru,local,0.8194793933477158,1.0144560860961664,25.590703823201537
P13044,baseline,local,0.7208791208791208,0.9692818714267736,36.63546862235111
P13044,arima,local,0.7219144383493216,0.970008502034706,36.691298007708376
P13044,lightgbm,local,0.828619690814123,0.9920127789484562,41.98529476148626
P13044,random_forest,local,0.8907752657424932,1.1386860875729488,42.06719896513087
P13044,mlp,local,0.8329656999189774,1.0103172572393824,42.72482776621487
P13044,lstm,local,0.8720593442847002,1.0494459786364445,45.24710748315336
P13044,gru,local,0.8884267664654351,1.0566531000569683,45.405684579638304
P13082,baseline,local,43.54578754578755,54.99367472055221,37.03207015236286
P13082,arima,local,43.72867927345451,55.13671353436498,37.20104665514262
P13082,lightgbm,local,38.65966301571448,46.87878598890924,34.299702165848814
P13082,random_forest,local,35.95122010802329,44.01700641842136,32.08508161232338
P13082,mlp,local,40.04102916787396,49.5134807947544,37.20040514701755
P13082,lstm,local,37.403006042927615,47.84814236447753,34.10831825104816
P13082,gru,local,38.61434363061255,45.747116752422365,35.32314505930964
P13083,baseline,local,46.86446886446887,58.68680120605016,33.39613313715466
P13083,arima,local,47.126892800601006,58.90354091072817,33.582755724740984
P13083,lightgbm,local,39.83393081892177,48.180261849654535,29.77083676677545
P13083,random_forest,local,37.70903613153946,46.1568862963038,28.415662721390937
P13083,mlp,local,47.945908414400535,56.49576432158394,35.80558371721874
P13083,lstm,local,42.62917678888901,51.80737554543661,32.44547998086527
P13083,gru,local,47.46474081186148,54.10472327872772,35.70729732402217
P13084,baseline,local,31.53113553113553,39.19435240981616,33.55020687400563
P13084,arima,local,31.53264995818855,39.194998086436456,33.55168060779172
P13084,lightgbm,local,20.99204596548143,27.80688479010639,23.77330348426003
P13084,random_forest,local,19.74965944436601,26.320207429409876,22.71009454214948
P13084,mlp,local,23.11926995581323,29.188815175005665,26.864982585416364
P13084,lstm,local,21.34294636764806,25.98731962305532,24.565884149319096
P13084,gru,local,20.82751055986453,25.292904657532567,24.012971662125448
P13085,baseline,local,33.765567765567766,41.19558513392675,29.884822271789165
P13085,arima,local,33.80844744793186,41.21833259766872,29.914955649711736
P13085,lightgbm,local,22.9496807774218,29.88461456687627,21.17128131273889
P13085,random_forest,local,22.449492318536468,29.02617652511275,20.920532594649792
P13085,mlp,local,22.03596584892972,28.30959396176966,21.78494507684068
P13085,lstm,local,23.66781963585934,29.38856254752192,21.982658041737047
P13085,gru,local,22.470920998709545,27.784609730794635,21.12549081202846
P13087,baseline,local,10.355311355311354,15.93820017141445,15.796492216529767
P13087,arima,local,10.358953350931111,15.939181066220266,15.802467369291453
P13087,lightgbm,local,11.482986346534783,15.33776434993565,16.925981083187658
P13087,random_forest,local,11.30953770780258,15.648174149732087,16.62634515930253
P13087,mlp,local,8.857703983740056,13.153007446166182,13.454233578664908
P13087,lstm,local,11.040241182767428,14.9492932147384,16.698829989912667
P13087,gru,local,10.084845412257826,14.31837705337233,15.352554471471928
P13088,baseline,local,25.21245421245421,31.772241128097654,29.42695031288405
P13088,arima,local,25.364205629079805,31.875810798764604,29.59975896084149
P13088,lightgbm,local,23.362180560085456,28.02746792450088,27.717377723012586
P13088,random_forest,local,22.63098646229529,28.42250917271192,27.0147263197996
P13088,mlp,local,30.145472057747757,35.544862693335645,34.19706791621702
P13088,lstm,local,26.737763652871383,33.53153863012775,33.5770822927355
P13088,gru,local,24.860952976771763,29.915110580654822,30.00505841848813
P13089,baseline,local,26.164835164835164,32.90434175522182,24.769226147019573
P13089,arima,local,26.300561332405948,33.00056956663186,24.88925422834396
P13089,lightgbm,local,25.34526399849993,30.342855529224423,24.035798540662288
P13089,random_forest,local,23.747616082062507,29.523778514154834,22.95584428513412
P13089,mlp,local,31.86278305892106,37.60677005742268,29.368586138856998
P13089,lstm,local,25.76078546545008,31.120452890347455,25.525008995452986
P13089,gru,local,25.279676248739055,30.85407217084872,24.99198938582332
P14001,baseline,local,8.164835164835164,10.029631928532153,16.40394188415328
P14001,arima,local,8.165687851546275,10.029967381833584,16.405525994200133
P14001,lightgbm,local,6.769995406687715,8.956742772162494,13.461187329631858
P14001,random_forest,local,7.054853211542882,9.307173823096106,13.964449387771134
P14001,mlp,local,6.799767563369248,8.419180761673227,13.91734131950986
P14001,lstm,local,6.32621556376363,7.770833247797952,12.51674909654062
P14001,gru,local,6.664197741498003,8.204357381956836,13.40671333478897
P14002,baseline,local,7.985347985347985,9.834536136863193,13.289654280561107
P14002,arima,local,7.986879357201938,9.835128742110612,13.292048819864595
P14002,lightgbm,local,4.942844116631177,6.371437331354147,7.999243519950826
P14002,random_forest,local,5.535780973013436,7.01048289565419,9.080395824911552
P14002,mlp,local,6.047942257276821,7.416050050305287,9.654903148884866
P14002,lstm,local,5.951228187197731,7.371574267175694,9.57086926876218
P14002,gru,local,6.072408504276486,7.330657496694746,9.88103204386826
P14003,baseline,local,8.388278388278389,10.346087208025631,11.555481308027286
P14003,arima,local,8.391489078176498,10.347817828843336,11.559943800143154
P14003,lightgbm,local,5.885887184478016,7.314059835121775,8.113032686283557
P14003,random_forest,local,6.3964850555508885,8.124688059982773,8.726763894727219
P14003,mlp,local,6.180631468496917,7.489270622815916,8.392353245121011
P14003,lstm,local,6.400416425208905,7.7589989489035585,8.800948194693518
P14003,gru,local,6.361639949253627,7.931042873644333,8.708410104360981
P14012,baseline,local,13.83150183150183,18.270706176022053,20.322949298223897
P14012,arima,local,13.832597561082483,18.270715975110345,20.324587374188752
P14012,lightgbm,local,14.643787611839024,18.33988707967067,20.22446288576925
P14012,random_forest,local,15.450854830482934,18.953316539198845,21.74862779946296
P14012,mlp,local,14.054369295560395,17.06348451881711,19.927953829420836
P14012,lstm,local,14.601073028229097,17.09197439160198,21.520588520602384
P14012,gru,local,16.658767501775163,19.3302178363391,23.834731025803457
P14013,baseline,local,12.39194139194139,16.075988913255575,24.082539726695757
P14013,arima,local,12.393488493460715,16.07646204487678,24.085288253302902
P14013,lightgbm,local,15.777267114055896,19.706482359873736,26.60057827555316
P14013,random_forest,local,15.93262037803416,20.08647476640225,26.93386563931899
P14013,mlp,local,15.065448699504026,18.06749772683555,27.20817478020948
P14013,lstm,local,14.084610636505015,16.510538445918428,26.80201404678497
P14013,gru,local,14.059451101114462,16.443510007821793,26.52329845691349
R11001,baseline,local,273.8534798534798,297.70422129659084,15.408665983794624
R11001,arima,local,273.8312451084299,297.5183863979067,15.406911925634592
R11001,lightgbm,local,442.5839689483547,506.5672767777078,25.36005527850461
R11001,random_forest,local,421.79279212413786,478.5290134073828,24.10881586538997
R11001,mlp,local,270.8555981534741,305.0249652087929,16.80003724392674
R11001,lstm,local,349.4601488274096,395.1506142245732,19.981003962290323
R11001,gru,local,386.7527882111378,438.1000643680885,22.38356873261519
R11002,baseline,local,273.7655677655677,297.6556106999844,15.85488659126906
R11002,arima,local,273.73594301745976,297.4404356064996,15.852589957705945
R11002,lightgbm,local,448.2239431786564,512.7149105751612,26.357413085778205
R11002,random_forest,local,420.15395761205656,477.0120220423989,24.84384242123183
R11002,mlp,local,311.2648655706273,346.9678869928089,19.2017611493402
R11002,lstm,local,342.9891456687843,397.46214241190336,20.145066048854694
R11002,gru,local,404.5313243153331,451.4936450232765,24.365439266563232
R11003,baseline,local,273.8534798534798,297.70422129659084,15.9555530300505
R11003,arima,local,273.8240474677984,297.48943011433187,15.953256611661583
R11003,lightgbm,local,449.0771861627186,513.2623069267299,26.56673907196717
R11003,random_forest,local,427.4300189607009,482.7353627354005,25.36579936091181
R11003,mlp,local,283.5714913504464,316.9955051926856,17.338597560960828
R11003,lstm,local,331.1637667589572,374.6251077640751,19.54831267830686
R11003,gru,local,376.2933346926511,426.1111670865954,22.53277526692332
R11004,baseline,local,273.8534798534798,297.70422129659084,16.44235303665131
R11004,arima,local,273.8240474677984,297.48943011433187,16.439989383411064
R11004,lightgbm,local,449.0771861627186,513.2623069267299,27.38241368328228
R11004,random_forest,local,427.4300189607009,482.7353627354005,26.148117971794974
R11004,mlp,local,350.2668369391026,383.7641480666452,24.123895266296028
R11004,lstm,local,367.1980854188129,419.3747432586465,22.517079884296297
R11004,gru,local,381.8449054201007,429.30864928330845,23.707585947247072
R11005,baseline,local,273.8534798534798,297.70422129659084,16.050557013932483
R11005,arima,local,273.8240578956289,297.48946210655447,16.04824805067047
R11005,lightgbm,local,449.8600473897844,514.197820881707,26.781004120767975
R11005,random_forest,local,424.5384883235821,479.96909074795786,25.36443528031736
R11005,mlp,local,286.1546650533711,316.3709581487443,17.781335716910466
R11005,lstm,local,339.5247902894631,389.55957007744473,20.16810069859557
R11005,gru,local,363.37740795987867,415.3917733343151,21.79736503001213
R11006,baseline,local,273.9267399267399,297.7578063505384,16.547682759291472
R11006,arima,local,273.89465901678307,297.54402663142235,16.545147281906434
R11006,lightgbm,local,449.1250200917875,513.237536353209,27.555604222303923
R11006,random_forest,local,427.5459115125935,482.80619443183775,26.317229315295368
R11006,mlp,local,361.3976187346183,403.1399478509799,24.16644362922368
R11006,lstm,local,347.43035293970354,402.1933911152074,21.31487903027041
R11006,gru,local,379.1187561705872,432.067268593904,23.55975889637713
R11007,baseline,local,273.8534798534798,297.70422129659084,16.34259278547077
R11007,arima,local,273.82401279708887,297.4893238843234,16.340240512195802
R11007,lightgbm,local,410.6563838902764,486.16725953050246,25.17736960303719
R11007,random_forest,local,390.1272654601504,444.8746720931075,24.012133271310223
R11007,mlp,local,326.4724569579184,361.4157034819871,20.46549519009099
R11007,lstm,local,351.93352480039493,394.61879205485656,21.406609183869683
R11007,gru,local,389.9273960658482,443.16378711226525,23.991776332012765
R11008,baseline,local,273.8974358974359,297.5390417841678,16.963087479443026
R11008,arima,local,273.86249518274656,297.31852737995695,16.960315221691268
R11008,lightgbm,local,378.1675923855339,448.64510233926495,24.164261651991943
R11008,random_forest,local,371.0585844053534,434.5494049286215,23.72270472967155
R11008,mlp,local,360.7884293888078,391.931530897017,24.342913843444457
R11008,lstm,local,351.9755511496966,404.768976585561,22.21590386163985
R11008,gru,local,361.3094875014309,411.7977491493422,22.83499939016289
R11009,baseline,local,273.8534798534798,297.70422129659084,17.5126264700397
R11009,arima,local,273.8216321400976,297.4824932082496,17.50995155844396
R11009,lightgbm,local,375.96497455341625,451.0747969891337,24.45483825913592
R11009,random_forest,local,360.1902470577103,426.27128097494654,23.57724646299287
R11009,mlp,local,363.289890789549,411.15608974693566,25.032100479262315
R11009,lstm,local,329.9365787939274,374.6695642759641,21.386276710376467
R11009,gru,local,353.5807499141484,409.6659524058049,23.05664034134238
R11010,baseline,local,273.8534798534798,297.70422129659084,17.399255232651427
R11010,arima,local,273.82395417933867,297.4891447636897,17.396756951552412
R11010,lightgbm,local,428.1937081082615,492.4537939792199,27.760585607462797
R11010,random_forest,local,410.1737230499639,474.7684940870351,26.61510790620153
R11010,mlp,local,306.89783743274955,343.4509490467834,21.14886428720777
R11010,lstm,local,347.4329745449862,401.3655432464796,22.477238671877814
R11010,gru,local,378.60597840473326,433.8534145009496,24.686916664579137
R11011,baseline,local,273.8095238095238,297.67033981682255,17.73957182368303
R11011,arima,local,273.79054541655387,297.5042629345633,17.737815231778136
R11011,lightgbm,local,444.8277811641722,507.9582837880351,29.378527435932845
R11011,random_forest,local,418.7305559475396,480.4226875617889,27.616516586951207
R11011,mlp,local,463.7633678170788,500.9073715326968,31.75614905791708
R11011,lstm,local,368.6867654318338,421.8916943478242,24.42528117809177
R11011,gru,local,375.7954367166037,418.7806281545128,24.937836244983536
R11012,baseline,local,273.8095238095238,297.67033981682255,17.977119083138014
R11012,arima,local,273.7777730279721,297.44873544314333,17.97438837416337
R11012,lightgbm,local,442.23081667560473,507.4201278083687,29.52004752936397
R11012,random_forest,local,413.03269418203297,482.3322311841248,27.45466972134624
R11012,mlp,local,326.8777264158368,359.6808579195473,23.65092204536042
R11012,lstm,local,340.4024330893715,384.4042137782208,22.737914462771798
R11012,gru,local,363.5528438358516,420.9783665485784,24.39579645243088
R11013,baseline,local,155.62637362637363,168.24995166056138,12.537196230406128
R11013,arima,local,155.6256369817408,168.24749602807864,12.537139395444882
R11013,lightgbm,local,207.5068348116566,232.7107875165485,16.71975304465436
R11013,random_forest,local,196.43618391498657,221.02741439806027,15.774788008915577
R11013,mlp,local,159.26184547061013,176.90783238195598,12.963020177513917
R11013,lstm,local,180.39129017141715,200.66731000722763,14.517991055546805
R11013,gru,local,173.71378428700206,199.42389457984527,14.017516022324008
R11014,baseline,local,155.62637362637363,168.24995166056138,12.537196230406128
R11014,arima,local,155.62527127691678,168.2462995667116,12.537111189007614
R11014,lightgbm,local,222.0181524159344,246.3961493509818,17.749849032903022
R11014,random_forest,local,199.64400967340288,223.0972695801437,15.974791661671286
R11014,mlp,local,190.8428626874428,207.2190326538726,15.019542680376498
R11014,lstm,local,186.46430002289372,208.58374984732555,15.005824934510622
R11014,gru,local,188.94789439889536,209.7191802873816,15.165151540730552
R11015,baseline,local,155.09157509157507,167.00479002493594,13.611888236254146
R11015,arima,local,155.0979634921045,167.00824913070932,13.612403336428496
R11015,lightgbm,local,200.71661485382677,221.45946065945253,17.562439482234517
R11015,random_forest,local,224.2020465085648,243.0451982942299,19.54658832872766
R11015,mlp,local,179.68408914083963,197.2722368686138,15.605091269350936
R11015,lstm,local,177.01427131624888,197.48743205333395,15.536152837450908
R11015,gru,local,183.608109045902,205.9993041710065,16.13278511310949
R11016,baseline,local,155.09157509157507,167.00479002493594,13.611888236254146
R11016,arima,local,155.0979634921045,167.00824913070932,13.612403336428496
R11016,lightgbm,local,200.50520088584483,221.21341347020683,17.544360981860745
R11016,random_forest,local,222.75756299208123,241.53578302654688,19.43625583240484
R11016,mlp,local,204.6648234049479,225.34499189133103,17.566483283483016
R11016,lstm,local,182.81441780062383,205.3952601912877,16.005546635558392
R11016,gru,local,194.32068523923996,216.34108106646343,16.967248595917102
R11017,baseline,local,113.53113553113552,128.49908423379492,10.139040625628269
R11017,arima,local,113.5849825498429,128.5150727317887,10.143613774714009
R11017,lightgbm,local,129.05957290059658,155.90989246221892,11.52163573323072
R11017,random_forest,local,132.33287870681949,156.01010302842144,11.769083411074106
R11017,mlp,local,139.77160282344607,159.9148363032086,12.479271182327418
R11017,lstm,local,122.8688265957675,139.64556245723242,11.06591143281903
R11017,gru,local,124.13869172819368,140.3989256629908,11.194086326578336
R11018,baseline,local,94.9084249084249,132.0690466045898,3.771340711076188
R11018,arima,local,95.03809795337644,132.21202441801088,3.775910455288869
R11018,lightgbm,local,399.505056500305,432.87884445958446,14.642403614051991
R11018,random_forest,local,427.81983039930776,463.3227706744286,15.564715579949214
R11018,mlp,local,213.04225296188187,247.2164709022224,8.044250842726317
R11018,lstm,local,275.3209109575321,315.8403736451298,10.163661211999036
R11018,gru,local,280.9786469959077,328.4919469731984,10.409481381767304
R11019,baseline,local,99.41391941391942,140.74754408473777,3.6524310903077337
R11019,arima,local,99.5463584418065,140.92569966870383,3.656693946060833
R11019,lightgbm,local,266.7549456907897,295.78115480228706,10.17902129490746
R11019,random_forest,local,366.4553732530338,395.1544682874394,13.37619097722179
R11019,mlp,local,118.30892767714056,146.84610409042088,4.4036226186057394
R11019,lstm,local,167.78629396319826,202.9558258956008,6.0548296152936825
R11019,gru,local,196.0632149832589,236.18855548737216,7.3087969221403934
R11020,baseline,local,80.51282051282051,105.1392600051815,3.257188558819572
R11020,arima,local,80.59427354402989,105.15208187505507,3.260287908237322
R11020,lightgbm,local,347.1315057482328,385.2321852100913,14.072005047832167
R11020,random_forest,local,300.06878120900103,342.5321948437355,12.223812533046232
R11020,mlp,local,113.6526911808894,143.05062506785345,4.592808384087022
R11020,lstm,local,157.72898682534912,186.399226356291,6.151438376749256
R11020,gru,local,184.14759382869732,210.4781368773837,7.226769439075099
R11021,baseline,local,80.54945054945054,105.77764851246812,3.132226272636965
R11021,arima,local,80.63245024711648,105.79051689821937,3.1352684581465944
R11021,lightgbm,local,319.01372134615536,354.19658603660054,12.992676695800952
R11021,random_forest,local,324.345488345046,367.6588427378721,13.014202417573028
R11021,mlp,local,124.55409270904876,154.9567084691485,4.901833100266936
R11021,lstm,local,153.61259971311242,184.65259492403635,5.9465678104235336
R11021,gru,local,166.287055628291,198.33289035132012,6.490578798610673
R11022,baseline,local,80.51282051282051,105.1392600051815,3.5447109742321885
R11022,arima,local,80.58281310141106,105.14874639290478,3.5475945503699657
R11022,lightgbm,local,312.5635575507173,358.3155443973497,13.669543584574848
R11022,random_forest,local,279.0690677672237,322.77059109597405,12.53134071479057
R11022,mlp,local,137.4726530305632,169.4011972307219,6.101723593784175
R11022,lstm,local,170.58997056003892,201.9713758168145,7.532374674442044
R11022,gru,local,157.69901351090317,188.971850405386,7.039304529598363
R11023,baseline,local,80.51282051282051,105.1392600051815,3.3948572728489004
R11023,arima,local,80.58281310141106,105.14874639290478,3.397626565284063
R11023,lightgbm,local,317.71565929707225,354.2571857671037,13.966514466132136
R11023,random_forest,local,328.9900779857286,373.86364159196194,14.378440163792256
R11023,mlp,local,118.3162595867674,149.60418712687616,4.969592346059404
R11023,lstm,local,154.74306086166436,180.24283222343823,6.415451745337248
R11023,gru,local,170.4825924157223,212.61600317171937,7.403391955472673
R11024,baseline,local,87.10622710622711,112.16945058080792,4.303285063888623
R11024,arima,local,87.48449051956541,112.4749589704108,4.320552983827369
R11024,lightgbm,local,363.7447669419554,386.2318208545258,19.719503823684907
R11024,random_forest,local,375.9926595938503,388.3916779109979,20.43604765903371
R11024,mlp,local,143.17373565562042,171.41803188366126,7.251560611027196
R11024,lstm,local,192.87245101090315,216.6209728240784,9.113185914473789
R11024,gru,local,176.89691533238897,198.7758351112506,8.727599734079542
R11025,baseline,local,87.10622710622711,112.16945058080792,4.303285063888623
R11025,arima,local,87.48591325961296,112.47654282301198,4.32061770435851
R11025,lightgbm,local,272.3397406873625,294.2328167351112,13.586625003230676
R11025,random_forest,local,303.4225115505708,328.06137486073186,15.348622027630205
R11025,mlp,local,103.82791072859432,118.82974316773854,5.101523035463363
R11025,lstm,local,165.8174993382269,185.7149975216813,7.766638299271281
R11025,gru,local,141.52306753305288,160.5345805744067,6.88820908790898
R11026,baseline,local,255.73626373626377,277.4188105892396,15.652524937267833
R11026,arima,local,255.76167391307396,277.2736470357073,15.653511107591717
R11026,lightgbm,local,411.03826868228464,475.7070062642779,26.014391868628596
R11026,random_forest,local,387.6617142071279,448.340670901659,24.61930196339112
R11026,mlp,local,281.89743039756473,310.9021513173642,18.909760841368005
R11026,lstm,local,349.01755397922386,393.57192135204514,21.77959684033529
R11026,gru,local,395.1556597699176,439.81223752909307,25.08158055260634
R11027,baseline,local,255.1868131868132,276.76217260158853,16.11436226164277
R11027,arima,local,255.2122748804155,276.6144704748393,16.11536719513445
R11027,lightgbm,local,372.7419048755739,428.137375824509,24.615901662389337
R11027,random_forest,local,383.2435560202342,438.8277874540856,25.567736063787045
R11027,mlp,local,308.4070179698232,331.26243763684096,22.1378379921178
R11027,lstm,local,347.02701679830585,393.4599717215783,22.277432503932992
R11027,gru,local,348.23804775140223,381.94944154492094,22.656036929591515
R11028,baseline,local,254.3003663003663,276.34880682865526,20.44248861201024
R11028,arima,local,254.30346821636172,276.33537633723125,20.44268450653137
R11028,lightgbm,local,334.252818142308,374.70838151095546,26.19458652644781
R11028,random_forest,local,341.9662515262515,382.2051162469071,26.62279750563408
R11028,mlp,local,411.84703874413344,436.47133010950427,28.866742636455047
R11028,lstm,local,315.9815202538347,348.3744808296658,24.9433145922288
R11028,gru,local,314.31978397578985,347.6643591572089,24.720680716929444
R11029,baseline,local,149.27765567765567,188.7838882558559,4.23101603723919
R11029,arima,local,149.59098516943354,189.01715166862328,4.240294898796203
R11029,lightgbm,local,351.6168144725922,402.46571982004326,10.767594923426977
R11029,random_forest,local,352.66966591200406,407.12062548466974,10.879806767904745
R11029,mlp,local,255.09434488038005,295.08636795827897,7.487419713259328
R11029,lstm,local,282.5236671531593,317.5624476555524,8.33901735701618
R11029,gru,local,244.35612944997712,281.6235100366197,7.187802855891147
R11030,baseline,local,162.22271062271062,202.9379747984282,4.632594909136193
R11030,arima,local,162.42743999617343,203.09044722615755,4.638701859704079
R11030,lightgbm,local,337.9646678628405,396.559650287002,10.265328610043262
R11030,random_forest,local,340.16850532510864,406.4657310635536,10.399077909785756
R11030,mlp,local,247.5959447616186,290.3042553103148,7.333441921905757
R11030,lstm,local,314.7537236363896,357.3106057079241,9.394622872964408
R11030,gru,local,247.7731963999542,288.37086581486,7.311860460419868
R11031,baseline,local,127.76117216117215,165.24240508614747,3.980456722803433
R11031,arima,local,127.98082368912225,165.45814667743005,3.987795918971471
R11031,lightgbm,local,333.4163214282671,397.6071499770666,11.543977713375783
R11031,random_forest,local,319.09168515093575,387.0639232137299,11.040207391346271
R11031,mlp,local,199.4828064188416,230.38374435407775,6.42997661855596
R11031,lstm,local,221.1975501874428,252.12834585843453,7.169089835440633
R11031,gru,local,176.4307568895948,205.9423815181163,5.6430277528572885
R11032,baseline,local,162.22271062271062,202.9379747984282,5.164519774414181
R11032,arima,local,162.41009704575058,203.0729628935645,5.170779135537219
R11032,lightgbm,local,337.4681981061477,366.25735314636233,11.525680480468663
R11032,random_forest,local,342.73766096753144,378.0939504394884,11.751303020732411
R11032,mlp,local,255.3661036229396,299.7904305294711,8.443636284725088
R11032,lstm,local,256.7209612165178,291.8458728100727,8.478735765897536
R11032,gru,local,292.9109087039263,329.31904967786903,9.738721654690806
R11033,baseline,local,177.64102564102566,197.63881581556944,11.564925167684002
R11033,arima,local,177.6440213548672,197.63016532299145,11.565077718219891
R11033,lightgbm,local,353.19538786347766,382.8392601424871,22.91986547977559
R11033,random_forest,local,345.9980952380953,378.38133208697445,22.53551348267364
R11033,mlp,local,207.01743360805855,225.23502696614077,13.181641815224603
R11033,lstm,local,277.76300455729165,303.13292346281526,18.05551015080193
R11033,gru,local,289.11933003519914,306.791037389316,18.962334552378326
R11034,baseline,local,176.95970695970695,197.8622064002157,11.534280512432025
R11034,arima,local,176.97610973426785,197.81570526751304,11.53511321273534
R11034,lightgbm,local,367.9335069103228,400.94173131476407,23.93823946060377
R11034,random_forest,local,346.61786678534344,377.7526846428783,22.81554578048783
R11034,mlp,local,188.4804679898552,205.50160409143427,12.47669697341168
R11034,lstm,local,266.5932153946314,293.5604363623057,17.30814480060034
R11034,gru,local,282.4684395926339,308.20922224024184,18.482853967979217
R11035,baseline,local,164.23443223443223,205.3111855830347,5.380674918279341
R11035,arima,local,164.41457042884895,205.42258764051684,5.386794676624669
R11035,lightgbm,local,371.9937263147441,406.3204041537501,13.176030246488944
R11035,random_forest,local,360.3996555444561,386.4403836000068,12.718995672996202
R11035,mlp,local,256.8278520633013,294.97601450115565,8.829519319981634
R11035,lstm,local,294.9960259629694,331.2406703265713,10.195018247186296
R11035,gru,local,260.94870310353707,303.24301387183743,8.928092718605438
R11036,baseline,local,164.23443223443223,205.3111855830347,5.380674918279341
R11036,arima,local,164.41227169021525,205.42074141575904,5.386716106482082
R11036,lightgbm,local,363.8065124548895,398.30071223033485,12.855228675003923
R11036,random_forest,local,359.98495955435385,386.06546344745766,12.702354699990632
R11036,mlp,local,260.71090924049906,305.2527854198428,8.923410574421704
R11036,lstm,local,288.07901499542123,327.8856145615677,9.952405440062911
R11036,gru,local,277.06091746794874,320.5217510688014,9.52893149338838
R11037,baseline,local,282.7179487179488,337.90824361367623,11.757908511013014
R11037,arima,local,282.80582093204305,337.9153687719246,11.76107695726491
R11037,lightgbm,local,551.334596925899,594.1539690923846,23.919320634868505
R11037,random_forest,local,548.7746473835671,594.6163857928026,23.817375727126077
R11037,mlp,local,488.2230419564159,534.747166449212,20.912564373139617
R11037,lstm,local,590.5782975081559,630.4815853072739,25.49505552280941
R11037,gru,local,584.9242954799107,622.9081490224427,25.30906312336412
R11038,baseline,local,281.73626373626377,337.349608142407,11.716222955935374
R11038,arima,local,281.817837826713,337.3528918623625,11.719156632389817
R11038,lightgbm,local,552.9041653807586,595.5576920048924,23.982467176747168
R11038,random_forest,local,550.302665730595,596.0812772742282,23.878163645505637
R11038,mlp,local,482.1978343921704,532.1926748238546,20.532936678744324
R11038,lstm,local,597.3163613567422,635.7997327252193,25.822411261699745
R11038,gru,local,565.863419238639,604.2497243660874,24.322385735489924
R11039,baseline,local,185.08424908424908,211.75043044225512,13.106601276120426
R11039,arima,local,185.09279060515013,211.74964645577057,13.10709168973867
R11039,lightgbm,local,305.9437698424642,331.44778736609777,21.19551750597552
R11039,random_forest,local,308.8040118611548,333.0571982013318,21.44676220031379
R11039,mlp,local,350.4501439803686,369.1230298885688,20.54385600569189
R11039,lstm,local,300.37165160685674,324.18143259766737,20.86521819679671
R11039,gru,local,282.7452473064045,307.2071026272511,19.745232575720625
R11040,baseline,local,185.2014652014652,211.8480024702509,13.11720828110901
R11040,arima,local,185.20683690876567,211.8474635796512,13.11751691632934
R11040,lightgbm,local,306.5113525704513,331.73461805758114,21.24196800806131
R11040,random_forest,local,309.5018315018316,333.28169711049543,21.48928411614864
R11040,mlp,local,339.5133992960165,354.2783795025016,20.13673697238924
R11040,lstm,local,283.87004805903734,307.110972834124,19.80649961895326
R11040,gru,local,304.26379269330926,324.47442248672587,21.29082402827332
R11041,baseline,local,73.54578754578753,92.8509964004945,8.030747163471936
R11041,arima,local,73.63110771654878,92.90148120647244,8.039365693464688
R11041,lightgbm,local,114.23123888124609,134.39217534882476,11.848679355724263
R11041,random_forest,local,120.51903986922908,141.36333749588815,12.437158994619068
R11041,mlp,local,112.92084388593176,129.45651769277657,11.831314870371113
R11041,lstm,local,148.23620234339228,163.56224463663375,15.11934920636806
R11041,gru,local,128.41866969293727,144.3130978862745,13.281735375289202
R11042,baseline,local,75.54578754578753,92.19763335206338,6.871863669897083
R11042,arima,local,75.58282044745499,92.21205353110754,6.87491068582047
R11042,lightgbm,local,109.12189590658718,132.24607072676767,9.43959684745808
R11042,random_forest,local,109.34454780648656,130.12148794653794,9.458894227567525
R11042,mlp,local,128.71991981813758,148.06863863459466,11.018131775051446
R11042,lstm,local,188.946190959106,203.8503401053303,15.641839609617003
R11042,gru,local,177.4931630787832,195.50415129496645,14.758828458229502
R11043,baseline,local,99.71428571428572,115.6888510710507,12.586692051096597
R11043,arima,local,99.71986537647508,115.67717608586877,12.587207337418404
R11043,lightgbm,local,125.95354018486906,148.42675828563875,15.054868980141515
R11043,random_forest,local,134.80793240064173,160.28755246582173,15.840537843799586
R11043,mlp,local,127.80702101040237,144.2526538893598,15.67221251198897
R11043,lstm,local,159.0391081086882,176.34699803286492,18.792627366241057
R11043,gru,local,124.652539509644,143.11493684758298,15.264181806856948
R11053,baseline,local,1365.824175824176,1536.6496997781144,13.71705048971487
R11053,arima,local,1365.743300358685,1536.304771155204,13.716103237127244
R11053,lightgbm,local,1756.8821357504032,2007.272649967556,17.73059165055733
R11053,random_forest,local,1784.520876371063,2070.782984171732,18.074575374762897
R11053,mlp,local,900.4760820884843,1096.7863577922767,9.427168222356558
R11053,lstm,local,1594.016338641827,1848.16550690543,15.960601188726958
R11053,gru,local,1577.6249245220924,1811.0671553931904,15.695040133774407
W11002,baseline,local,281.025641025641,344.12359354756506,14.071616429475217
W11002,arima,local,281.05423571949666,344.1354029601365,14.07374113789436
W11002,lightgbm,local,304.69226579292626,371.2040157647663,14.29054802251706
W11002,random_forest,local,283.6934154801258,346.6818737142363,13.3938366501656
W11002,mlp,local,309.98772071027935,368.5994452653906,15.646185865138529
W11002,lstm,local,293.3720526055976,354.7062949858986,14.380788064669185
W11002,gru,local,291.59204468220577,380.4375499494099,14.240527183384074
W11003,baseline,local,5.415384615384616,6.56055673571966,7.680421256369522
W11003,arima,local,5.416706571774211,6.559659867817099,7.682543475061221
W11003,lightgbm,local,5.508349090652857,6.817505224372004,7.665620093469402
W11003,random_forest,local,5.670015886580335,7.102290123011301,7.891042267260421
W11003,mlp,local,5.06631321051182,6.431686189263165,6.980719560888312
W11003,lstm,local,5.639641652089773,7.170159459747225,7.881016017407434
W11003,gru,local,4.997310378525283,6.471578260694068,7.010500346353129
W11004,baseline,local,5.415384615384616,6.56055673571966,7.572338340345749
W11004,arima,local,5.416706571774211,6.559659867817099,7.574426905403493
W11004,lightgbm,local,5.586859839463323,6.831718438155932,7.650929268389289
W11004,random_forest,local,5.676640409659653,7.121465178568779,7.791104834506052
W11004,mlp,local,4.435248574057779,5.802681090341778,6.095634982437747
W11004,lstm,local,5.275658900222499,6.828711661045384,7.256050419187768
W11004,gru,local,5.198066778497382,6.508639493895262,7.187990898110013
W11005,baseline,local,5.3728937728937725,6.526863715731388,6.041954711843121
W11005,arima,local,5.375373552734997,6.526052436788258,6.045034830635743
W11005,lightgbm,local,6.713453513604631,8.83813992428665,7.0157742538161845
W11005,random_forest,local,7.513567382907365,9.717505978518709,7.783758159641477
W11005,mlp,local,5.53334225944547,7.2142412880434845,6.028295059906869
W11005,lstm,local,4.803063489753248,6.3046691173697225,5.318224153815166
W11005,gru,local,6.71029782696958,8.227879292537338,7.264013998181045
W11006,baseline,local,5.3728937728937725,6.526863715731388,5.97449938488537
W11006,arima,local,5.375373552734997,6.526052436788258,5.977541672640607
W11006,lightgbm,local,6.799601039368804,8.91514475152363,7.026123214971679
W11006,random_forest,local,7.5181095074494895,9.719899971155652,7.708126978244874
W11006,mlp,local,6.740485189249228,8.229122976054512,7.068570184575732
W11006,lstm,local,5.310859467782381,6.7398856983845805,5.785893179362115
W11006,gru,local,7.062459270770733,8.432176746482396,7.428351956769627
W11007,baseline,local,9.664468864468864,11.748003765293134,7.220823581596013
W11007,arima,local,9.670905260817364,11.749264172820972,7.226002745554934
W11007,lightgbm,local,9.012951738101492,11.563433950056544,6.521640436837861
W11007,random_forest,local,10.115938447978444,12.674264453724566,7.32935088469272
W11007,mlp,local,8.656893490522336,10.84399513910814,6.302300808764762
W11007,lstm,local,9.020461298345207,12.145247972800032,6.615184027968198
W11007,gru,local,8.347610428918411,11.10550863443118,6.155282598472797
W11008,baseline,local,9.664468864468864,11.748003765293134,7.444463245931057
W11008,arima,local,9.670782873387504,11.749178582237937,7.449712170253486
W11008,lightgbm,local,9.35739774523462,11.735304425995915,6.9921996312155175
W11008,random_forest,local,9.940016668389514,12.558532639537448,7.440598290995014
W11008,mlp,local,8.803209990896146,11.134363224323764,6.583589652382114
W11008,lstm,local,8.756125582181491,11.602510669644264,6.647054516459261
W11008,gru,local,8.721514305701623,11.40680966654224,6.617640992499678
W11009,baseline,local,9.897435897435898,12.221328228219717,8.526945423021292
W11009,arima,local,9.900740031196069,12.221448505076074,8.530469319505102
W11009,lightgbm,local,13.243273739534716,16.22750109182676,10.752973170842816
W11009,random_forest,local,15.35184496023584,18.31612660962784,12.17548421233916
W11009,mlp,local,13.67913588639144,15.795520332407335,10.948399647915338
W11009,lstm,local,11.361624855348916,14.27748478164396,9.396043026896807
W11009,gru,local,11.958404255961325,14.463990685677825,9.867909428569352
W11010,baseline,local,10.06153846153846,12.420687633329647,8.801035548657342
W11010,arima,local,10.064815022531777,12.421212587268064,8.804597644038598
W11010,lightgbm,local,14.104980193262003,17.23804363112915,11.55473463738088
W11010,random_forest,local,14.992886437844344,18.106216533486663,12.125662177324182
W11010,mlp,local,11.00880115774525,13.128771331367016,9.124170502475431
W11010,lstm,local,11.578484269026871,14.028582464028773,9.743672098084726
W11010,gru,local,11.535823092617832,13.730761619677503,9.70979341464164
W11011,baseline,local,9.9003663003663,11.782103049815722,6.245455814551027
W11011,arima,local,9.905415558708162,11.78132758481733,6.248854582629287
W11011,lightgbm,local,15.66298557196913,19.512739956358747,9.259221681637964
W11011,random_forest,local,15.725511259595342,19.580690728697785,9.202110972097667
W11011,mlp,local,8.942036029969378,11.004231682451092,5.4867169012439305
W11011,lstm,local,8.985746122367216,10.714160867555352,5.5581864350743775
W11011,gru,local,8.407318573556976,10.40219478234042,5.201643665380528
W11042,baseline,local,6.010989010989011,7.026368180619846,7.986504908363216
W11042,arima,local,6.010989011051427,7.026368180629426,7.986504908447093
W11042,lightgbm,local,5.110369792352748,6.43000924583522,7.035828092648464
W11042,random_forest,local,5.018727076738071,6.043839338640581,6.750142524787025
W11042,mlp,local,10.48368375729292,11.545648324967598,14.93241331023358
W11042,lstm,local,7.242538706461589,9.53129660685704,10.37751559995152
W11042,gru,local,9.158962786328662,10.874067904481958,13.294747325071778
W11043,baseline,local,6.914285714285714,8.34141855299436,9.380401727892536
W11043,arima,local,6.915602664668308,8.34198248675315,9.382275079633017
W11043,lightgbm,local,6.951172562912916,9.10619629260699,10.119393699276143
W11043,random_forest,local,6.648196350279115,8.38369699344168,9.611860526926291
W11043,mlp,local,10.365628859411666,12.334898958887257,15.481285362869327
W11043,lstm,local,7.299107548081395,9.371164873785965,10.336676832482311
W11043,gru,local,10.20288600991497,12.461324035420514,14.99520834029558
W11044,baseline,local,3.2622710622710627,4.094489516253683,5.0392369873317815
W11044,arima,local,3.2624790271534025,4.094540463473836,5.039557395164144
W11044,lightgbm,local,4.13474882442329,4.850721810472959,6.542994854734597
W11044,random_forest,local,3.706703204054395,4.409388755552163,5.795043846105594
W11044,mlp,local,5.026020402174729,6.246977939607573,8.350630693087064
W11044,lstm,local,3.95835929842659,4.7459426034104855,6.355669442565639
W11044,gru,local,4.6335059700431405,5.69476320573212,7.626668950670341
W11045,baseline,local,3.6183150183150175,4.466034182928653,4.494784624544554
W11045,arima,local,3.6185576433579785,4.466039089186409,4.495091968857948
W11045,lightgbm,local,6.478935996623609,7.353430246841486,8.4626597796608
W11045,random_forest,local,6.824880276123608,7.769621733137461,8.966991658185826
W11045,mlp,local,6.841027655968299,7.810806388808982,9.083157548061376
W11045,lstm,local,5.195596715906165,6.008694821621062,6.652140748032501
W11045,gru,local,5.866669399834378,6.862314440358494,7.654683166325464
W11046,baseline,local,4.013919413919414,4.93240374575427,5.969437451695635
W11046,arima,local,4.013919414001377,4.932403745725038,5.969437451821079
W11046,lightgbm,local,3.322747878694763,4.033576439916822,5.003395840431563
W11046,random_forest,local,3.5437556663810086,4.3489262149765056,5.369712433466677
W11046,mlp,local,4.2810667631827,5.170301415275403,6.363961250530357
W11046,lstm,local,3.834969558995285,4.484969751188887,5.73930675433933
W11046,gru,local,3.724831845908811,4.320689295794464,5.583756808174153
W11049,baseline,local,5.03882783882784,6.422327478171613,6.059978240734388
W11049,arima,local,5.038827838990626,6.422327478105911,6.059978240930325
W11049,lightgbm,local,10.296157551427536,11.467383582016629,13.147707029105344
W11049,random_forest,local,10.582236734693875,11.914486380469,13.59872782257408
W11049,mlp,local,9.486155876746546,11.471340324594497,12.01806990408973
W11049,lstm,local,9.457528471335388,10.936514243481094,11.88323698118514
W11049,gru,local,10.525111623910757,11.808199017966064,13.30564389393577
W11050,baseline,local,1.958241758241758,2.7265609005845155,12.95341064812607
W11050,arima,local,1.9594891146552704,2.726793323928386,12.961054154486092
W11050,lightgbm,local,2.5935017496398465,3.031590600145257,16.138525319316283
W11050,random_forest,local,2.7472092611784538,3.1715854095343703,17.231068300192067
W11050,mlp,local,2.8138925496475165,3.40840718912738,17.283933229364752
W11050,lstm,local,2.5399282441471085,3.122743196207277,16.302369993226545
W11050,gru,local,2.390062493544358,3.1750653731989606,15.150093883352952
W11057,baseline,local,3.243956043956044,4.052778519573676,4.61732128810515
W11057,arima,local,3.243956043956044,4.052778519573676,4.61732128810515
W11057,lightgbm,local,6.277118547335205,6.924750394032823,9.433684341481774
W11057,random_forest,local,4.534799369480718,5.796875401795012,6.734157862512194
W11057,mlp,local,75.25107118376009,76.18934386338978,99.7592573528077
W11057,lstm,local,27.6198971702939,28.01094127895669,49.06426768465669
W11057,gru,local,23.28174792279254,23.72245378388184,39.98059554680502
W12001,baseline,local,15.476190476190476,18.342887124284296,8.504339978190258
W12001,arima,local,15.482081609440751,18.345827426286935,8.507582655465683
W12001,lightgbm,local,13.31973117448674,16.62504475863805,7.324768999518395
W12001,random_forest,local,13.649574137733518,17.20200807126157,7.516121558743492
W12001,mlp,local,15.774085679945056,18.700816844727385,8.694783319802292
W12001,lstm,local,14.669180700281164,17.951686246968464,8.023585011418348
W12001,gru,local,15.64128212282509,18.83715630964284,8.590204171769802
W12002,baseline,local,12.35897435897436,14.905593365782716,7.635343879656654
W12002,arima,local,12.37681762681763,14.914494936238231,7.646540143711869
W12002,lightgbm,local,12.42618247077183,14.318811723509222,7.621713750211318
W12002,random_forest,local,13.365212807418434,15.412327210023207,8.243469124068948
W12002,mlp,local,12.53693349090688,14.518355094382716,7.634874643629985
W12002,lstm,local,12.643644004514368,14.354353800995591,7.740274921252559
W12002,gru,local,11.39124500987294,12.991725119801105,6.985377935839206
W12003,baseline,local,10.538461538461537,13.137016947280197,7.231560642207742
W12003,arima,local,10.54346425215173,13.138911057630008,7.235053581785896
W12003,lightgbm,local,9.228173923786798,10.936715622415443,6.332851280885604
W12003,random_forest,local,9.565480927630151,11.204510281735214,6.540056039274314
W12003,mlp,local,9.696829447204813,11.865921847713093,6.5024778599857225
W12003,lstm,local,9.311947296477936,11.38356400216612,6.352710561861325
W12003,gru,local,8.350103927444625,10.461468705544416,5.700178991645992
W12004,baseline,local,10.435897435897434,12.891490968114152,7.483982508764122
W12004,arima,local,10.43634838588316,12.891618727124264,7.484314992485045
W12004,lightgbm,local,10.284901821052664,11.956199267230994,7.276531904550751
W12004,random_forest,local,11.253220074509011,13.087000700039365,7.992177834023764
W12004,mlp,local,8.203148340916895,10.0935834776566,5.80509278360619
W12004,lstm,local,9.076778459374284,11.13392859274736,6.456261353514554
W12004,gru,local,8.41265626006074,10.206443612128709,5.998543035991262
W12005,baseline,local,9.556776556776557,11.670333774534068,7.3780908411543695
W12005,arima,local,9.561082262289435,11.672217739850256,7.381772575376608
W12005,lightgbm,local,9.319642467368066,10.81905912774594,7.051992515733437
W12005,random_forest,local,10.251139030710371,12.00466987495081,7.757724121826362
W12005,mlp,local,9.288817112961096,10.77975540006472,7.1145066610957866
W12005,lstm,local,9.559332879035027,11.362276831037637,7.331845219616642
W12005,gru,local,8.647396649371137,10.551418111728934,6.574412782999398
W13001,baseline,local,6.307692307692308,8.661501734619007,36.12917799097038
W13001,arima,local,6.309221898259812,8.663028674276564,36.13741833667658
W13001,lightgbm,local,6.7868946883094505,8.388386441121629,38.42025750791242
W13001,random_forest,local,7.015014650240104,8.89422678435399,38.83970091048643
W13001,mlp,local,6.283799204284891,7.528004487100712,37.37664259587451
W13001,lstm,local,6.257932377210904,7.39197602084892,37.90074382382986
W13001,gru,local,6.434866761986589,7.609973199656837,38.40533088042295
W13002,baseline,local,5.086446886446886,7.049871048779312,26.76905709127779
W13002,arima,local,5.119671863394934,7.065649410776098,26.9627587799026
W13002,lightgbm,local,5.151557593145841,6.913837016549843,26.919035524410884
W13002,random_forest,local,5.138939361079112,6.982621742177384,27.14435036981743
W13002,mlp,local,4.341472489493234,5.881348513829275,23.62551492060591
W13002,lstm,local,4.306058416960441,5.861000557497681,23.31959273938921
W13002,gru,local,4.318059287577759,5.907433478682647,23.398538687977616
W13003,baseline,local,4.027838827838828,5.91942893388581,28.414884253861555
W13003,arima,local,4.035157685837461,5.913464944184371,28.47775942069969
W13003,lightgbm,local,3.782261969765263,4.772754481580895,27.93804857557501
W13003,random_forest,local,3.8954673057051608,4.907457101783479,28.470245031086755
W13003,mlp,local,3.610002336746607,4.5176365666524445,27.282030883052208
W13003,lstm,local,3.714874010120993,4.591674799111805,28.22272526637901
W13003,gru,local,3.5514781473320483,4.422298931453424,27.09217998865101
W13004,baseline,local,13.663003663003664,19.483027179758317,37.030189759225216
W13004,arima,local,13.723931101978328,19.516794197869352,37.233550600030334
W13004,lightgbm,local,9.559892290873814,12.927250509932998,28.56117313514165
W13004,random_forest,local,10.005086284285229,13.480535130818504,29.90961688258319
W13004,mlp,local,9.252952634371244,12.329335936779014,28.19956514997944
W13004,lstm,local,10.216405319381543,13.159810352439,31.496323588590496
W13004,gru,local,9.725143361353611,12.676317593799812,29.86482520712553
W13005,baseline,local,4.35897435897436,6.394770429375312,22.84391920686074
W13005,arima,local,4.36829791260171,6.390851545453107,22.897994818449497
W13005,lightgbm,local,3.768591546695396,5.157647461287313,20.763096136434385
W13005,random_forest,local,3.7663993670902,4.9858781315213445,21.072986784989403
W13005,mlp,local,3.4337214305723984,4.715344832573346,19.08574291060794
W13005,lstm,local,3.5301661858191857,4.690990755273328,19.780218636805365
W13005,gru,local,3.290202187618493,4.599541866674604,18.40036138819084
W13006,baseline,local,5.03003663003663,6.374001201381509,28.97143467998108
W13006,arima,local,5.031055281293952,6.372182988735402,28.97839628504696
W13006,lightgbm,local,3.845347146200139,4.84907285205058,23.08575177029873
W13006,random_forest,local,3.767348885616878,4.7034313495083975,22.560373503569394
W13006,mlp,local,4.095592345772209,5.000422068095854,24.352979358887392
W13006,lstm,local,3.793906014830201,4.808364990344701,22.693622839996827
W13006,gru,local,4.0002643515338825,4.949322459082407,23.80681627683094
W13007,baseline,local,7.410256410256411,9.621882699024408,26.62727103548864
W13007,arima,local,7.413033975237167,9.621179893312393,26.637614700679432
W13007,lightgbm,local,4.495060814313771,6.410749098813757,16.955697256660063
W13007,random_forest,local,4.346685769455322,6.14481011813498,16.517054137822413
W13007,mlp,local,4.731029516786009,6.3853071671138055,18.68710313949386
W13007,lstm,local,4.242757366166447,5.962957284104222,16.385586091041798
W13007,gru,local,4.252834427662385,5.897676354012416,16.395576066579686
W13008,baseline,local,7.647619047619048,11.778284685414697,28.0697337129885
W13008,arima,local,7.652579024052011,11.781290495038718,28.090469606340747
W13008,lightgbm,local,5.261799791855161,8.041763384042484,20.9367888111198
W13008,random_forest,local,5.417126850545854,8.210419219665374,21.37958363405324
W13008,mlp,local,5.298735240614894,7.568845626780558,21.19769378033515
W13008,lstm,local,5.096984634818612,7.732209593673318,20.238872679672667
W13008,gru,local,4.960765564747346,7.592887724894149,19.54172407638307
W13009,baseline,local,11.4021978021978,15.936375030727334,41.37451662350175
W13009,arima,local,11.40724310742775,15.938105674755604,41.39337654486452
W13009,lightgbm,local,9.727379928919316,12.85323350801014,36.33716427329664
W13009,random_forest,local,10.343868006400214,13.513972357824931,37.7761089078023
W13009,mlp,local,8.461855068835582,11.097559676170722,34.37613061033612
W13009,lstm,local,8.59374128837725,11.10885247215814,35.00096208404805
W13009,gru,local,8.243127151461312,10.604214848400735,34.21718160896968
W13010,baseline,local,8.003663003663004,11.937049188890654,33.25687930756392
W13010,arima,local,8.015211532952343,11.930762966338175,33.31726573558673
W13010,lightgbm,local,7.181784692651311,10.190196804721202,31.238966887551797
W13010,random_forest,local,7.088304422321412,10.105878487695792,30.66433642013352
W13010,mlp,local,6.798958913223212,9.289306378700225,30.83476246710477
W13010,lstm,local,6.553117107209704,9.05612069099978,30.06622300760725
W13010,gru,local,7.087082102709201,9.666425729926534,32.02237911427194
W13011,baseline,local,5.7736263736263735,8.475659628810263,26.35841061829113
W13011,arima,local,5.774080405185726,8.475074236488226,26.361227909419235
W13011,lightgbm,local,5.227401372025513,7.076718236222455,25.495167121908644
W13011,random_forest,local,5.409304187829888,7.332310084315249,26.0866451186684
W13011,mlp,local,4.854013551984514,6.608199383310874,24.08753937212125
W13011,lstm,local,4.753254513164142,6.550028027796634,23.371684395326927
W13011,gru,local,4.470745621845399,6.334594807222882,21.905714452205316
W13012,baseline,local,9.31135531135531,15.44849959493437,25.83780969728928
W13012,arima,local,9.419052305571114,15.531402672978354,26.182641315767665
W13012,lightgbm,local,7.711818866913882,10.949055271083054,22.48095103860518
W13012,random_forest,local,7.688547505085286,11.053042563189384,22.29048116422991
W13012,mlp,local,7.774320180424842,11.499275187707264,22.609721524645984
W13012,lstm,local,7.519498982970968,10.947370826983882,22.297324083993168
W13012,gru,local,7.340847162099985,10.724940894308736,21.786559842168973
W13013,baseline,local,4.054212454212454,5.723589714862882,23.81811361348918
W13013,arima,local,4.064034922804415,5.729937614006762,23.876940608255595
W13013,lightgbm,local,3.37759552688661,4.677846446216594,20.29493203293538
W13013,random_forest,local,3.3004777701687686,4.574751751616991,19.824060468230925
W13013,mlp,local,3.267613633823045,4.501005168774588,19.835571699284014
W13013,lstm,local,3.158538087558397,4.513039033351443,18.797465614307924
W13013,gru,local,3.17609739617987,4.46644227118931,18.938622074244584
W13015,baseline,local,4.291575091575091,5.688584124472855,27.49080776745845
W13015,arima,local,4.291575091575091,5.688584124472855,27.49080776745845
W13015,lightgbm,local,3.113219723481413,4.202061780355871,20.635903854892927
W13015,random_forest,local,3.0240051127205847,4.091635692168007,20.225648344198923
W13015,mlp,local,3.040181996970823,3.9537984375227255,20.669300154499144
W13015,lstm,local,3.336665868933821,4.149126953588292,22.63100964853904
W13015,gru,local,3.0731490348284938,3.892425870031912,20.892624998701358
W13018,baseline,local,38.97802197802197,48.99157327358848,43.81138139859168
W13018,arima,local,39.03141290015397,49.02326894958795,43.880895376462256
W13018,lightgbm,local,28.413508629920734,36.588992175345375,32.88017351187792
W13018,random_forest,local,28.95017341304568,36.67299512196813,33.82223006818155
W13018,mlp,local,26.822075966076973,33.196077375523046,33.23045937396323
W13018,lstm,local,27.612187108190067,34.68654375944751,33.8541675133481
W13018,gru,local,26.18917556315552,33.29210679332637,32.27455312661776
W13019,baseline,local,28.42490842490842,35.16417288485853,41.2076584230396
W13019,arima,local,28.438808528111736,35.171037512215506,41.22541328516631
W13019,lightgbm,local,17.775810610460532,23.282932035137907,27.402241139904454
W13019,random_forest,local,18.647513699875457,25.57514495256665,27.61016942697929
W13019,mlp,local,18.684023160550183,23.8669402066438,29.641235767117745
W13019,lstm,local,18.3015504299066,23.14498346649565,28.90712380176558
W13019,gru,local,18.311749978816557,23.286223626522123,29.20400078599508
W13020,baseline,local,7.267399267399267,10.650802713232164,15.950185093474426
W13020,arima,local,7.279665545984531,10.652845383331831,15.976928971249626
W13020,lightgbm,local,6.091966750771137,8.131585332782642,14.07006825633998
W13020,random_forest,local,7.13402448164298,10.859411132124194,15.530188459318296
W13020,mlp,local,6.444671417068649,8.909889321153736,14.995748302093295
W13020,lstm,local,6.352106000739576,8.764814300751297,14.71300682430566
W13020,gru,local,5.927231062724914,8.341328189224402,13.706560336571592
W13021,baseline,local,8.571428571428573,12.949712774135085,18.49063119550536
W13021,arima,local,8.587892035318626,12.956038847150348,18.530229408327116
W13021,lightgbm,local,10.21209544754446,13.991384955622186,21.20988362797652
W13021,random_forest,local,9.706380049639368,13.904901604532864,20.06253618872268
W13021,mlp,local,8.665064020121928,11.8338924680433,19.06335067381189
W13021,lstm,local,8.689979944473658,11.726534360070575,19.28357301313888
W13021,gru,local,8.726311625665797,11.900837007189498,19.191081819948515
W13022,baseline,local,23.882783882783887,30.06092646180409,38.581218380147945
W13022,arima,local,23.89938779966773,30.06938594522081,38.61056948962745
W13022,lightgbm,local,17.572762053147226,24.00577201215078,27.71093724921656
W13022,random_forest,local,18.393863270126676,24.911158487971782,28.80109935784349
W13022,mlp,local,18.05131671053149,22.69103963721536,30.8526698822392
W13022,lstm,local,18.69766229203332,23.21626309986218,32.08706284584132
W13022,gru,local,18.637509336925685,23.0246352493008,31.807242956519374
W13024,baseline,local,9.47985347985348,12.879765933377335,11.072078534906098
W13024,arima,local,9.486674408621042,12.871179013244396,11.080898200539146
W13024,lightgbm,local,14.484371756700066,17.122691459468356,18.899643849661352
W13024,random_forest,local,14.938434468673318,17.705960702547845,19.46931393457361
W13024,mlp,local,14.350006391364577,16.48875095672941,18.93064701464817
W13024,lstm,local,13.4349725548601,15.79248227123898,16.99331555943476
W13024,gru,local,13.220996644296054,15.570457016479889,16.909302501518425
W13025,baseline,local,0.7679487179487181,0.9695078319396482,42.59779733254543
W13025,arima,local,0.7688935121944583,0.9703767505158176,42.639402518389794
W13025,lightgbm,local,0.8599722481805665,1.0590588424303422,46.04919201035837
W13025,random_forest,local,0.930475402269918,1.1665958659394924,46.87241601454805
W13025,mlp,local,0.931917845285856,1.1261609712258531,47.932308618668
W13025,lstm,local,0.960665992764763,1.1604037002941363,50.76561685088748
W13025,gru,local,0.9203938955789084,1.1164713291964634,48.87525157319807
W13026,baseline,local,0.5952380952380952,0.8097602887383559,56.43009383071154
W13026,arima,local,0.596032941999233,0.810423573770788,56.49860867498167
W13026,lightgbm,local,0.809669503312757,1.0422653257904269,65.55054674381898
W13026,random_forest,local,0.8737539914273713,1.1630236865133547,65.53973490752219
W13026,mlp,local,0.8394955659087324,1.0727307628357257,68.09407483701818
W13026,lstm,local,0.8081404547551612,0.9867212565001008,71.19478182018915
W13026,gru,local,0.8425764443673494,1.0501960301233015,71.94667696909589
W14001,baseline,local,6.226373626373626,7.940282924921507,18.546973161649404
W14001,arima,local,6.227194286415032,7.940635948847699,18.54940731515834
W14001,lightgbm,local,4.755757163595928,6.385418460364072,13.883455805558492
W14001,random_forest,local,5.116351273575749,6.855632448174143,14.848291055027095
W14001,mlp,local,5.516375165107922,6.702432243033277,16.08641135573839
W14001,lstm,local,5.455444094200274,6.864477560405623,15.582912099154488
W14001,gru,local,5.177859369913737,6.327328918945058,15.217158820663563
W14002,baseline,local,6.915750915750917,8.756253602366868,16.451189963748988
W14002,arima,local,6.917163214331619,8.756884177415444,16.454477714722834
W14002,lightgbm,local,6.751903701918506,8.511488078911231,15.026003439556058
W14002,random_forest,local,6.724952717178735,8.73422567414941,14.910236144091726
W14002,mlp,local,5.822886119744716,6.989004456407875,13.436406008331025
W14002,lstm,local,6.341161884405674,7.702281907116832,14.635173669540242
W14002,gru,local,6.388041898007795,7.714342876587287,14.714844628590932
W14003,baseline,local,7.481318681318681,9.64131363764344,14.607707165688645
W14003,arima,local,7.483441350353561,9.64220862557693,14.611462877628776
W14003,lightgbm,local,7.895270792445078,9.697032852090636,14.696268265136265
W14003,random_forest,local,8.118683640100077,10.038272961056515,14.867061647745476
W14003,mlp,local,6.773595246814546,8.156540885999934,13.000555185920096
W14003,lstm,local,7.9066275823683965,9.58209906004334,15.308872382118384
W14003,gru,local,7.637187158493768,9.208897926749554,14.70666825783437
W14024,baseline,local,11.652014652014651,15.450553713738987,25.038991433466272
W14024,arima,local,11.653797449715816,15.450867025725262,25.04232076484744
W14024,lightgbm,local,18.32715941695735,22.11636791951718,32.07495997425683
W14024,random_forest,local,18.84032346971863,22.66013419265957,32.6725858228959
W14024,mlp,local,15.75763109507578,18.736093209602075,29.624827220668102
W14024,lstm,local,15.68614091838236,17.991479048930636,31.558034559349625
W14024,gru,local,14.94017620994931,17.488225026572007,28.944437376902624
W14025,baseline,local,10.494505494505496,13.739931097546688,31.42445359211424
W14025,arima,local,10.495784774285976,13.739788934298543,31.42797462364531
W14025,lightgbm,local,16.7250594318142,18.98890104740221,39.89053598751009
W14025,random_forest,local,18.29962467711356,21.082834468522798,41.829998704963685
W14025,mlp,local,16.568943781031795,18.92344133887708,39.94544796684064
W14025,lstm,local,15.738178819090455,18.069674925317567,40.403136140027605
W14025,gru,local,16.228524827782486,18.43157081545965,40.24860861113463
W16001,baseline,local,0.7185347985347985,0.8543143467509177,10.854148621257746
W16001,arima,local,0.7184491286902535,0.8541557424552897,10.85283085970776
W16001,lightgbm,local,1.2114569799588306,1.357622859893287,17.307258740623386
W16001,random_forest,local,1.300198959061124,1.4456565164833752,18.39925295246096
W16001,mlp,local,1.2828881996629875,1.364726693815344,18.24874783386784
W16001,lstm,local,1.792661032274966,1.886054560616188,24.53036078673782
W16001,gru,local,1.5051161494971192,1.586811001789343,21.04562073992981
W16002,baseline,local,0.7646886446886447,0.9244569826902016,11.224523789922795
W16002,arima,local,0.76463191597717,0.924339777390283,11.223603251863816
W16002,lightgbm,local,1.2861446585898493,1.4294872627584252,17.985261084775978
W16002,random_forest,local,1.320189898333117,1.469775309417992,18.412972336043676
W16002,mlp,local,1.200244264917059,1.314782222781285,16.970098301627864
W16002,lstm,local,1.576300763769464,1.712683538240634,21.52143493633597
W16002,gru,local,1.2669793571220649,1.395997956348041,17.95237393171727
W16003,baseline,local,1.5726373626373626,1.7923186976451846,9.769408264022369
W16003,arima,local,1.5726373626373626,1.7923186976451846,9.769408264022369
W16003,lightgbm,local,2.37684825972044,2.5927081076051586,14.544754811337532
W16003,random_forest,local,2.391568599212902,2.609248596198996,14.63812609462991
W16003,mlp,local,2.6520197820139453,2.905767448716226,15.68789484301142
W16003,lstm,local,2.2828466601249504,2.539161843203352,13.906528501193272
W16003,gru,local,2.0543700991620075,2.281248813522792,12.618290041724824
W16004,baseline,local,18.63003663003663,23.06689693287813,8.728965073185154
W16004,arima,local,18.630065856671457,23.06532888061493,8.729022744552514
W16004,lightgbm,local,29.85629414062074,33.532341980909386,13.348757915158268
W16004,random_forest,local,30.333080053518927,34.112263555980874,13.57168913899415
W16004,mlp,local,33.713771644005405,37.41421149022317,14.940700194355136
W16004,lstm,local,37.8852802094959,41.47862423281634,16.729505340037583
W16004,gru,local,36.657444176307095,40.88802069724711,16.211980354086457
W16005,baseline,local,0.7545201465201465,0.8949012729001294,10.147406960620597
W16005,arima,local,0.7546058614988066,0.8949629100075217,10.14855887248666
W16005,lightgbm,local,1.2268483360947935,1.3731897882236734,15.675352732571678
W16005,random_forest,local,1.2686051573853645,1.4047175475521694,16.086104069257924
W16005,mlp,local,1.3283160702911487,1.4227326198403225,16.926929572172163
W16005,lstm,local,1.667170569423354,1.7872065746224124,20.685487816444617
W16005,gru,local,1.520969955570095,1.6129055873158715,19.202830482865284
W16006,baseline,local,43.238095238095234,48.70863955247906,9.04133347362593
W16006,arima,local,43.238095238095234,48.70863955247906,9.04133347362593
W16006,lightgbm,local,62.611003099948014,71.67300267575685,12.825826419016266
W16006,random_forest,local,60.46043645905701,68.98821873256344,12.398158526126092
W16006,mlp,local,73.75483353723101,82.03202495215882,14.586573329918826
W16006,lstm,local,59.05018469282995,67.2195335043516,12.189147744144009
W16006,gru,local,59.80205831562644,66.46033583985295,12.350637672271812
W16007,baseline,local,1.893794871794872,2.1219965898457267,11.334012536300936
W16007,arima,local,1.8939644802084104,2.122132804181441,11.334993287430724
W16007,lightgbm,local,2.662891987916585,3.0212751094622,15.727416114750604
W16007,random_forest,local,2.7321291641858827,3.088179572126984,16.048543281240114
W16007,mlp,local,2.3101521224416657,2.5650976945552406,13.34462779930449
W16007,lstm,local,2.82049828858428,3.046474247343866,16.694288051461207
W16007,gru,local,2.647216966146951,2.914989122154018,15.686312961315949
W16016,baseline,local,0.0,0.0,0.0
W16016,arima,local,0.0,0.0,0.0
W16016,lightgbm,local,0.095764464696461,0.0966002792796754,0.9033888193595854
W16016,random_forest,local,0.000452910698693,0.0029278518898674,0.0042716254534579
W16016,mlp,local,0.1264756615607294,0.1342382511560368,1.1958036264718914
W16016,lstm,local,0.1966954639979767,0.1974964203034261,1.828270921313343
W16016,gru,local,0.1084009723872927,0.1145040150218642,1.0144353268860693
W16017,baseline,local,0.7491721611721612,0.9622832662732184,6.87585147979812
W16017,arima,local,0.7486698065046183,0.9614566938141674,6.871292712197125
W16017,lightgbm,local,1.1181725237180482,1.2727031415560477,10.442829166361497
W16017,random_forest,local,1.146343454272981,1.316466908168723,10.619629926313744
W16017,mlp,local,1.5030876565031952,1.7854274754869963,14.996526341776056
W16017,lstm,local,1.4897610504373964,1.6948562806658796,13.63390722103674
W16017,gru,local,1.1150514564933358,1.3036173601350287,10.263987924934884
W16023,baseline,local,7.486739926739927,9.170296702841105,10.955306715922234
W16023,arima,local,7.486856050944439,9.166251622054387,10.955204552343016
W16023,lightgbm,local,15.006410623601967,17.084852972143185,24.43849191419952
W16023,random_forest,local,14.360234031421182,16.725720231746838,23.42146947340808
W16023,mlp,local,9.893999373439469,11.986346523366716,15.51624547646795
W16023,lstm,local,14.32344574265253,15.654679839420478,22.851823253757992
W16023,gru,local,14.885150217580271,16.362064448175207,23.872667882878137
W16024,baseline,local,6.882227106227106,8.327384890642314,10.026990134780291
W16024,arima,local,6.8699877847073765,8.310151818156848,10.008354547183698
W16024,lightgbm,local,14.884768552681203,16.624651512558163,24.38127216419091
W16024,random_forest,local,14.38695093166216,16.280721770922373,23.575603572841363
W16024,mlp,local,9.054846805558537,10.52887059412394,14.17415835447948
W16024,lstm,local,13.860436717274425,15.097107424085294,22.221663310607745
W16024,gru,local,13.549883699410127,14.919764817302951,21.494279310667995
W16025,baseline,local,7.247347985347984,8.75152333049899,10.532207268841969
W16025,arima,local,7.23618211327545,8.734608924053557,10.514991335583332
W16025,lightgbm,local,14.743981048137195,16.79838827047339,24.09450205172224
W16025,random_forest,local,13.6858553333547,15.91309280176328,22.26874888159344
W16025,mlp,local,12.281573182717343,13.87629296312808,19.634537548330524
W16025,lstm,local,14.30440041600042,15.742783650137344,22.74105905248466
W16025,gru,local,14.474586449032737,15.87744838942876,23.03703340732925
W16026,baseline,local,7.346652014652014,8.830039436062041,10.262949614891912
W16026,arima,local,7.340085941967547,8.815566576475119,10.252261012383364
W16026,lightgbm,local,14.935334793230773,16.87823618772883,23.24561568332096
W16026,random_forest,local,14.303872378534326,16.31660521495183,22.26692321693241
W16026,mlp,local,10.169446347638363,12.060095564738027,15.194620655079088
W16026,lstm,local,14.969517617026526,16.39187855345891,22.953785045004132
W16026,gru,local,14.941278738056784,16.27562837458731,22.98935725248445
W16027,baseline,local,7.514703296703296,9.171472661205344,10.614852453640964
W16027,arima,local,7.51507611136674,9.171404283574116,10.614267858226428
W16027,lightgbm,local,15.705329167527731,17.721727215378422,24.825103700827576
W16027,random_forest,local,14.914818215157323,17.02745801335296,23.47357340812197
W16027,mlp,local,11.14359225497403,13.132789549889145,17.039063888223026
W16027,lstm,local,14.521050433036606,15.875228483604806,22.281947736799737
W16027,gru,local,15.986200683146606,17.518449024721235,24.81749452158121
W16028,baseline,local,7.366102564102564,9.088492389506737,10.3129711185557
W16028,arima,local,7.370058808156472,9.089995012625764,10.318871745503014
W16028,lightgbm,local,15.325990181126691,17.159068848578144,23.91834378480932
W16028,random_forest,local,13.867591750356697,15.823986640645987,21.396398235285403
W16028,mlp,local,11.182958280234985,12.64287439588152,16.997564463489496
W16028,lstm,local,14.59895192900158,16.04668880114355,22.267749293478225
W16028,gru,local,13.316902161650605,14.842258354789214,20.041955095642173
W16029,baseline,local,3.9225421245421246,4.619226777240884,7.045057897243621
W16029,arima,local,3.922567891032755,4.619249950057254,7.045107109674076
W16029,lightgbm,local,12.602927646751372,13.67045655274541,25.164173265325545
W16029,random_forest,local,11.87904885689543,12.940009499130568,23.56799317979629
W16029,mlp,local,5.261058289580293,6.436725014865632,9.823898891001118
W16029,lstm,local,10.463256605993696,11.187308665836778,20.22901992534139
W16029,gru,local,11.392252382047884,12.185827713824407,22.219810362246943
W16030,baseline,local,7.397377289377289,8.917306951440576,9.0560618025454
W16030,arima,local,7.383333508803538,8.897636959053425,9.037771747578438
W16030,lightgbm,local,16.322660589786672,17.79789358160733,22.144324127194874
W16030,random_forest,local,14.794254273845397,16.641682610014847,19.950627867499577
W16030,mlp,local,9.22512303144853,11.091646595332833,11.87492201745249
W16030,lstm,local,13.778530050200857,15.431895335839789,18.105874321129157
W16030,gru,local,14.765608991462232,16.281433481368964,19.54474090084885
W16031,baseline,local,0.3911721611721611,0.4329837842873359,15.73101557958736
W16031,arima,local,0.3910326181754753,0.4327615085544734,15.726358043313803
W16031,lightgbm,local,0.4663694274980473,0.5513347268421486,18.15076863580662
W16031,random_forest,local,0.4795951770451774,0.5692892035928728,18.497789852243976
W16031,mlp,local,0.4684723811271863,0.532965622134847,17.88228255726309
W16031,lstm,local,0.4823609709477686,0.5534439904212929,18.62436450397498
W16031,gru,local,0.3785471339976831,0.446495234384889,15.223368986941065
W16033,baseline,local,7.44717216117216,8.955544519627992,9.978010333448491
W16033,arima,local,7.442032398914644,8.946429729502432,9.970558410683324
W16033,lightgbm,local,14.501795498749567,16.420294894380675,21.6535216059623
W16033,random_forest,local,13.645646631737094,15.644332187126304,20.30489841311147
W16033,mlp,local,10.563392907334771,12.615982035392069,15.407079973948276
W16033,lstm,local,14.14224565890246,15.682256945666309,20.68839886814899
W16033,gru,local,13.874939204736506,15.419997950059887,20.337889581913696
W16034,baseline,local,3.851296703296703,5.00715985601668,6.64212123778038
W16034,arima,local,3.858970878611181,5.021737478442276,6.651214268678866
W16034,lightgbm,local,12.39019815070678,13.160116181507972,23.724318211886697
W16034,random_forest,local,11.774509077748402,12.58543981472551,22.444146549208934
W16034,mlp,local,5.534729987064125,6.7643770938227,10.094612353564893
W16034,lstm,local,9.913914446820268,10.643719326345256,18.361340375410048
W16034,gru,local,11.066251276707913,11.823841177797892,20.71632239138486
W16035,baseline,local,0.7182417582417583,0.9701029431778048,7.102981722330713
W16035,arima,local,0.7184219802854989,0.9701391129799608,7.104787799770574
W16035,lightgbm,local,1.2430067146999566,1.399126383258976,12.069289143831888
W16035,random_forest,local,1.2985312566105405,1.4889634103252942,12.564798630932454
W16035,mlp,local,1.0158866727919806,1.1680816117103443,10.184852541861556
W16035,lstm,local,1.7647149329831748,1.940254354279564,16.77812114001268
W16035,gru,local,1.3414927463741095,1.5145875366758428,13.024440613654974
W16036,baseline,local,6.63254945054945,7.996061681442454,9.73257122467426
W16036,arima,local,6.613232979738247,7.977503388846105,9.703543517396772
W16036,lightgbm,local,12.930744202804116,14.49023594368391,21.42503638809678
W16036,random_forest,local,12.193773750855494,13.80408582114011,20.198252487367927
W16036,mlp,local,10.54744952090756,11.90530830726034,17.107662705729783
W16036,lstm,local,12.128148706792476,13.670770761380512,19.351867727547543
W16036,gru,local,13.436706941262267,14.554946766230874,22.124216272293904
W16037,baseline,local,0.3992967032967033,0.4766292478459371,6.804554433191106
W16037,arima,local,0.3994034371991218,0.4765810091901443,6.80645876780306
W16037,lightgbm,local,1.6462746459437316,1.8574015981864045,23.79728185232272
W16037,random_forest,local,1.7421108902778837,1.9627588346576812,25.02658871240875
W16037,mlp,local,1.2164958750127437,1.3656627689913656,18.698987512656267
W16037,lstm,local,1.4202014524718345,1.6846099820499636,20.965838066368057
W16037,gru,local,1.3095020074529962,1.5320715819865254,19.62969264581684
W16038,baseline,local,0.5447326007326007,0.7227665466086177,7.40033253528002
W16038,arima,local,0.5448704743288701,0.7221840937799868,7.402593768335052
W16038,lightgbm,local,1.8262888297876991,1.991997237779708,21.908009968032854
W16038,random_forest,local,1.9549161993069823,2.126443261545972,22.82159122832909
W16038,mlp,local,1.5924306459391946,1.674512492922209,20.33034267190276
W16038,lstm,local,1.7011721264765811,1.8878085147908077,21.25497243762255
W16038,gru,local,1.443268532274407,1.640841549351424,18.30811116447394
W16039,baseline,local,0.5165787545787545,0.6134853337445293,5.784532222918182
W16039,arima,local,0.5161362263959468,0.6122235701620182,5.779805714102084
W16039,lightgbm,local,2.035022397773582,2.1564461667994825,19.4741231501068
W16039,random_forest,local,1.767002608481323,1.901959647595492,17.091003160113964
W16039,mlp,local,23.38753349603227,23.480216795965795,182.9532268493712
W16039,lstm,local,3.248475612682301,3.3129236811460268,29.799869706629675
W16039,gru,local,2.599062945914356,2.642454625927536,24.08050582407221
W16040,baseline,local,0.7689157509157509,0.9838097693746995,6.869548955134052
W16040,arima,local,0.7689157509157509,0.9838097693746995,6.869548955134052
W16040,lightgbm,local,1.5069344936014477,1.7174507139580908,13.148186933168512
W16040,random_forest,local,1.508585125017924,1.7221643626814722,13.159239032001974
W16040,mlp,local,1.4684162124242537,1.679427897484255,12.829364552626254
W16040,lstm,local,1.5156021795028294,1.7246401454048688,13.22014702651482
W16040,gru,local,1.539363245031336,1.7550325318706317,13.407559834624104
W16042,baseline,local,0.6188278388278389,0.796004579508087,8.364165803435764
W16042,arima,local,0.6188386385069312,0.7960007416318013,8.364311174702452
W16042,lightgbm,local,0.7307720798805826,0.838707273461291,9.97568227323006
W16042,random_forest,local,0.7070847505296121,0.8245994737031184,9.68898616483177
W16042,mlp,local,0.8163614806849442,0.98200518944043,11.417874293175332
W16042,lstm,local,0.9559561788118802,1.156520747902999,12.77592323755604
W16042,gru,local,0.7841864887698666,0.9546107063641904,10.621936458478928
W16044,baseline,local,290.6615384615385,343.2276495597242,4.998423687556143
W16044,arima,local,290.03115187317565,342.454208802625,4.988138764292026
W16044,lightgbm,local,844.7478540089344,914.800962153104,13.588955835311117
W16044,random_forest,local,818.7381335096904,898.3830811688947,13.161694426248516
W16044,mlp,local,723.2773237179487,761.262043897459,11.937155136104709
W16044,lstm,local,973.4836048391712,1002.7928751284592,15.729899021496228
W16044,gru,local,882.4286851820056,910.4316729303662,14.364325642484204
W16045,baseline,local,0.716007326007326,0.9199251893660678,6.738210938285839
W16045,arima,local,0.7177769433989295,0.9213952390150724,6.755312724826584
W16045,lightgbm,local,1.5700960412558964,1.7121883913543172,13.926858330091624
W16045,random_forest,local,1.651939302281476,1.7931006276955912,14.640439882198772
W16045,mlp,local,3.0471101139054637,3.5198269805984026,31.71686257310896
W16045,lstm,local,0.893696700015784,1.042415525699823,8.360756767021886
W16045,gru,local,1.0911624022543212,1.2172461217947634,10.09965010428724
W17012,baseline,local,1.7126007326007326,1.8640781181974533,9.34362882332076
W17012,arima,local,1.712600732600734,1.8640781181974544,9.343628823320769
W17012,lightgbm,local,2.8073081538475058,3.023104306595367,14.854309249799886
W17012,random_forest,local,3.1031351720752838,3.3116563467163296,16.246466505942276
W17012,mlp,local,4.920167966849638,4.997758575876497,23.990819120635194
W17012,lstm,local,4.208605001819876,4.456091948719687,21.28916500494858
W17012,gru,local,3.60603035951272,3.8657573275563033,18.590710784329858
W17013,baseline,local,1.736190476190476,1.87337120925248,10.074788445804971
W17013,arima,local,1.7361904761904838,1.8733712092524832,10.074788445805012
W17013,lightgbm,local,3.1994562066441814,3.415305980356225,17.638541048986685
W17013,random_forest,local,3.517856651447347,3.727701011926962,19.176907185758512
W17013,mlp,local,4.543732348431599,4.607366891919401,23.792169607226235
W17013,lstm,local,4.760128055334965,4.956629933713435,25.022577119042683
W17013,gru,local,4.036970308185061,4.208115881928903,21.741809588624317
W18019,baseline,local,0.0917948717948717,0.258511009218323,1.1246357489308585
W18019,arima,local,0.0915540391664705,0.2562284958240817,1.1211299185407242
W18019,lightgbm,local,1.106656786611957,1.3119499148212923,11.364524491211409
W18019,random_forest,local,1.2121198640547275,1.4502705693964122,12.27323141961659
W18019,mlp,local,0.8646708146119731,0.986857275034016,9.411121078596988
W18019,lstm,local,1.0637546343681143,1.1458308127652237,11.598798649809527
W18019,gru,local,0.8145440904386753,0.9376667325689296,8.969799021333348
W18020,baseline,local,3.8476190476190473,5.142106795875044,10.036930081121426
W18020,arima,local,3.870637606553697,5.147165484078222,10.09837270110131
W18020,lightgbm,local,4.010119907962414,5.234337600648572,10.204735374721754
W18020,random_forest,local,3.534379066656745,5.123844980815863,8.860851531309077
W18020,mlp,local,3.7072968269879127,4.494929645092819,9.860429369060082
W18020,lstm,local,3.852149393270304,4.441196572987724,10.482591939298022
W18020,gru,local,3.641400536338052,4.579311406151924,9.8462456669591
W18021,baseline,local,3.855494505494505,5.15482727844033,10.471531819887415
W18021,arima,local,3.871811360356026,5.156125345235776,10.516933561121718
W18021,lightgbm,local,3.772510577885271,4.916606342059761,10.004486957173876
W18021,random_forest,local,3.560593826153541,4.945964339374553,9.269633262639571
W18021,mlp,local,3.6027811825930414,4.54685415397594,9.774156699417096
W18021,lstm,local,3.4975804241585644,4.169974119407601,9.718405166586225
W18021,gru,local,3.0858780997140065,3.821458651674157,8.679185961718748
W18022,baseline,local,7.637728937728937,9.113289574869023,17.19700204419248
W18022,arima,local,7.634146717934968,9.105711640300484,17.189379778540694
W18022,lightgbm,local,7.565464560125733,8.640858028670735,16.71154048242999
W18022,random_forest,local,8.062949868523486,9.179495762016842,17.496770127315813
W18022,mlp,local,5.916679167136168,6.971755914987942,13.17782391479544
W18022,lstm,local,7.129306469033489,8.287477129921974,17.2048250853538
W18022,gru,local,5.434413634639083,6.507131156901872,12.478131875780797
W18024,baseline,local,4.115201465201465,5.401522277916628,9.80298275806286
W18024,arima,local,4.118942091485423,5.399065669018422,9.811686997424207
W18024,lightgbm,local,3.843626065709512,5.140258618292732,8.79882288000111
W18024,random_forest,local,3.4926127475486237,4.918058891464506,7.9964977318999235
W18024,mlp,local,3.19696760911208,3.9636272661091376,7.7340465022984
W18024,lstm,local,3.877652153602013,4.640636071006719,9.592481045030189
W18024,gru,local,3.2112988412598558,4.020861437566063,7.922502683099083
W18025,baseline,local,3.8476190476190473,5.142106795875044,9.90702996855294
W18025,arima,local,3.865232857574061,5.1439368319110965,9.953401773617523
W18025,lightgbm,local,4.48271285788122,6.0370720185176125,10.885405360799506
W18025,random_forest,local,4.04176466510302,5.544950358698164,9.92874828110709
W18025,mlp,local,3.498897899026836,4.51831022808712,9.022052938558168
W18025,lstm,local,3.7172674535395034,4.452114148059168,9.888171210075011
W18025,gru,local,3.3491634550548737,4.020081767141733,8.881300521395334
W18026,baseline,local,4.427311355311355,5.960229744959126,8.190755941568579
W18026,arima,local,4.4273113553163785,5.960229744956585,8.19075594157744
W18026,lightgbm,local,5.113736431307734,6.459008596051556,8.953791365069085
W18026,random_forest,local,6.126529384712887,7.413406727921702,10.419232063101436
W18026,mlp,local,3.758000818832453,4.448420019506137,6.920305568439133
W18026,lstm,local,4.885265007270561,5.370404589940273,9.069469863853149
W18026,gru,local,4.504090050777672,5.101124058885189,8.379396830511368
W18027,baseline,local,55.15457875457876,75.47269422368011,7.80137936932058
W18027,arima,local,55.160756513196496,75.47202679519948,7.802327788584881
W18027,lightgbm,local,59.53514924769646,78.1771553118046,7.8090051568870305
W18027,random_forest,local,67.65099138802523,86.2244886077078,8.698529227766889
W18027,mlp,local,45.16066277472528,55.48705739557069,6.400316273729092
W18027,lstm,local,64.55988134586768,69.01061567535936,9.202309124929718
W18027,gru,local,56.8180897471669,62.03172956279362,8.099291875353481
W18028,baseline,local,61.53919413919414,80.84789024948184,8.655195808270756
W18028,arima,local,61.54582056191295,80.84793602150688,8.656259132310812
W18028,lightgbm,local,58.17864902154103,71.6466072744046,7.83392605130057
W18028,random_forest,local,72.74087713163705,91.62766842697503,9.57456581398161
W18028,mlp,local,47.9512436416123,60.01020711169664,6.711141622031255
W18028,lstm,local,80.60131250178857,87.40570137692602,11.334591618721188
W18028,gru,local,64.58197933658138,72.31285787065295,9.128770130857868
W18029,baseline,local,53.75897435897436,74.66047670116356,7.504086512920804
W18029,arima,local,53.761903128925816,74.66127360129647,7.504496550934635
W18029,lightgbm,local,51.78455549769408,66.1784346613916,7.120733291950567
W18029,random_forest,local,49.95900380490878,64.34445930650656,6.861832680685032
W18029,mlp,local,41.83717291416266,53.55398571545351,5.790413125708004
W18029,lstm,local,90.4906770922762,98.70281019695533,12.535085648677068
W18029,gru,local,75.14199996780563,82.03795762601405,10.51788016461633
W18031,baseline,local,0.1545567765567765,0.4246609617449008,0.3562175477504992
W18031,arima,local,0.1545567765567306,0.424660961717853,0.3562175477501552
W18031,lightgbm,local,4.400426969944175,4.618257094244077,8.996835958244018
W18031,random_forest,local,4.198468583310808,4.442710475396325,8.64750879133737
W18031,mlp,local,3.450016326233581,3.8861593546427984,7.442415983696708
W18031,lstm,local,5.825131770430904,5.903909239857415,12.411038166335004
W18031,gru,local,3.89519674548474,4.116482877437927,8.411865215812249
W18032,baseline,local,41.97948717948718,55.68910715253079,7.168493951953676
W18032,arima,local,41.98355763374742,55.69051899961513,7.169260382121747
W18032,lightgbm,local,46.068485221101525,58.13392248162111,7.600452927187623
W18032,random_forest,local,47.13887741176298,59.292039456617054,7.684083722789896
W18032,mlp,local,40.97290754492903,51.26957055997876,6.978725242951948
W18032,lstm,local,65.78265005258415,73.60001737416125,11.102869587335206
W18032,gru,local,45.05234688000802,52.186307588587326,7.699649927218017
W18033,baseline,local,44.66520146520146,60.232801367130186,7.513243526354628
W18033,arima,local,44.671209545811664,60.23414524064176,7.514366950206126
W18033,lightgbm,local,51.48396282022093,63.82307564256996,8.277702790314924
W18033,random_forest,local,49.84841293038652,61.96893935288508,7.944805418868773
W18033,mlp,local,38.121587978265225,49.407180655498976,6.373250311553652
W18033,lstm,local,76.51137431497538,83.99957113070612,12.741910650220008
W18033,gru,local,66.03977958483574,73.03283684908686,11.078386705820146
W18034,baseline,local,50.175824175824175,65.65652760047631,8.406450433677625
W18034,arima,local,50.20168247104536,65.66364544541338,8.411204045386022
W18034,lightgbm,local,48.69363445950712,65.0562945903736,7.806064550037365
W18034,random_forest,local,47.941926291431024,62.3520303260167,7.675003935152263
W18034,mlp,local,50.02561898144173,60.32753099643372,8.374303803111914
W18034,lstm,local,68.51483847370076,74.77471739264057,11.482734361059906
W18034,gru,local,60.97713502317994,68.7801824534713,10.228057054626191
W18035,baseline,local,44.86153846153846,59.70161875783991,7.627331022664578
W18035,arima,local,44.872782062499326,59.702546140238304,7.629422368014903
W18035,lightgbm,local,53.625465596643664,67.85432118227841,8.78070610575096
W18035,random_forest,local,55.89160957676077,68.72227187839636,9.051486550156849
W18035,mlp,local,46.461126284197576,58.57976909523569,7.872539858226728
W18035,lstm,local,73.53198774288862,80.59670438397059,12.41103095357416
W18035,gru,local,61.59207996186756,67.81662273398103,10.500330570732189
W18036,baseline,local,356.2930402930403,449.4072390993257,8.072889528164863
W18036,arima,local,356.5797794049321,449.7826296592324,8.079678341189895
W18036,lightgbm,local,473.865953291276,621.1470041636775,10.266556034569357
W18036,random_forest,local,475.3485980933839,619.737659681072,10.074531148976725
W18036,mlp,local,357.64712200234663,456.1405852454792,8.04262214068427
W18036,lstm,local,509.3806363395719,606.8973151336493,11.244755086259127
W18036,gru,local,336.0537731799451,424.4940162666112,7.513934232625448
W18037,baseline,local,2.736996336996337,3.4694078274959663,7.938106675471323
W18037,arima,local,2.740989317540655,3.4733409042325065,7.950178172130807
W18037,lightgbm,local,4.292568481401813,5.537065052149972,11.415290379842498
W18037,random_forest,local,4.895082705790205,6.57269846418446,12.504643189011068
W18037,mlp,local,2.7651115468902026,3.4963013676214194,7.924054707014775
W18037,lstm,local,4.044814750140404,4.799953565577036,11.368500700346424
W18037,gru,local,3.636695678207901,4.561238291992052,10.23603282038424
W18038,baseline,local,92.63604395604396,111.88925234551186,9.10480190459481
W18038,arima,local,92.85391289465264,112.02715742697268,9.126509533497591
W18038,lightgbm,local,105.68717973232532,135.99190838139177,9.737222590986375
W18038,random_forest,local,122.64084740658318,147.78931883444207,11.389593765942156
W18038,mlp,local,101.24649059030163,132.2365891484588,9.363596915216595
W18038,lstm,local,83.71755600925766,107.19391586636787,8.062074362332092
W18038,gru,local,84.89119372245594,113.38432101090925,7.89817204913066
W18039,baseline,local,2.944168498168498,3.723981762686981,8.242363312455128
W18039,arima,local,2.9482872747564146,3.727834732647388,8.254462924401528
W18039,lightgbm,local,3.728648573536334,5.0349483251052165,9.483185692437647
W18039,random_forest,local,4.502660006322714,6.100546167702923,11.1633842527346
W18039,mlp,local,2.957518728570624,3.740009435247386,8.104820527939346
W18039,lstm,local,4.7274166855585005,5.524429878894638,12.676886093599174
W18039,gru,local,3.8572922038542927,4.648228115865534,10.5169711628184
W18040,baseline,local,92.92637362637365,112.20641410781428,9.13282989539631
W18040,arima,local,93.10594226935328,112.31827508948216,9.15076081218236
W18040,lightgbm,local,94.52992419223207,123.66052267807734,8.660980692042447
W18040,random_forest,local,110.20663252385012,137.29063884360508,10.100149570109016
W18040,mlp,local,95.63542341854112,118.26774470374676,9.125908719088123
W18040,lstm,local,99.55363237429889,127.35073163616744,9.555211124370228
W18040,gru,local,102.7281502636361,126.76372000647456,10.129611672097552
W18041,baseline,local,2.9543296703296704,3.737968975389473,8.274006449429994
W18041,arima,local,2.957707095153504,3.740251195049575,8.284025656109137
W18041,lightgbm,local,3.712467190111286,4.97371830458494,9.470730143777889
W18041,random_forest,local,4.5938960937445135,6.138999402615154,11.44328641564729
W18041,mlp,local,3.318306171962193,4.083486730968128,9.303232878887338
W18041,lstm,local,4.565595933236482,5.502363867053377,12.252635505966078
W18041,gru,local,3.46697560494112,4.292378056949621,9.675944639903436
W18042,baseline,local,86.87912087912089,105.5220886399585,8.570584615929747
W18042,arima,local,87.02997557559496,105.5620892048905,8.586712670736643
W18042,lightgbm,local,117.32239425589032,145.47452256879632,10.74759543870712
W18042,random_forest,local,120.6141440821447,153.78923268289026,10.97489101589701
W18042,mlp,local,90.38068574898408,123.2176097876192,8.416519021062019
W18042,lstm,local,99.533882470882,121.13353293602512,9.705922514339951
W18042,gru,local,100.93910158038577,126.7222524903813,9.42966534604091
W18043,baseline,local,2.802555311355311,3.5510700975631067,7.910159613761681
W18043,arima,local,2.806812622767525,3.554354393807544,7.923771599718992
W18043,lightgbm,local,3.901366793760912,4.946310297621239,10.257975320137495
W18043,random_forest,local,4.1068471984493735,5.314681470482773,10.557380367337748
W18043,mlp,local,3.2583070930676583,4.148820300318897,9.022010629296751
W18043,lstm,local,4.065343384213849,4.986726382230395,11.044863674864745
W18043,gru,local,3.615632474324991,4.544789533696168,9.797886295285808
W18046,baseline,local,6.103296703296704,7.925300496701785,13.748098309620604
W18046,arima,local,6.103231758896627,7.925155942389719,13.74794918873449
W18046,lightgbm,local,8.92341749540731,10.936251271393823,21.861941857336856
W18046,random_forest,local,8.592682216593804,10.519422072824629,21.068304023111885
W18046,mlp,local,7.648765516455794,9.38451866842847,17.94135370026953
W18046,lstm,local,8.36307009602641,10.357874928145051,19.740739827448387
W18046,gru,local,8.55586069826678,10.383766372859744,20.43527570110308
W18086,baseline,local,0.8754578754578756,1.0767835784951263,14.225658379463246
W18086,arima,local,0.876591197845849,1.0763347537168717,14.24015579865067
W18086,lightgbm,local,1.0584216653393212,1.3095694630023242,16.21248675844517
W18086,random_forest,local,1.039595937600648,1.316406361793928,15.730635585573063
W18086,mlp,local,0.7444650978046459,0.9369716611201496,11.976755862393883
W18086,lstm,local,0.7273658639956744,0.8704563696870945,11.883737310621225
W18086,gru,local,0.775979295597845,0.9320584433717232,12.497642716354273
W18087,baseline,local,0.9867399267399268,1.2197866735039504,15.526683555962803
W18087,arima,local,0.9873921110508092,1.2191990023756398,15.53476264409622
W18087,lightgbm,local,1.1092974030526777,1.393773983966962,16.57700852890509
W18087,random_forest,local,1.1003468478132887,1.368082407779413,16.51902459556905
W18087,mlp,local,0.8525830173143101,1.0503187997661072,13.149609281585043
W18087,lstm,local,0.8026779351216969,0.9860914910688704,12.571803728076867
W18087,gru,local,0.8360885354276105,1.0180571500337767,13.37271755183167
W18088,baseline,local,1.0104761904761903,1.2300858642803738,15.84775552820479
W18088,arima,local,1.012220014630647,1.2301786814576108,15.871271114438857
W18088,lightgbm,local,1.1856942196625195,1.4441940510122169,17.626175338587935
W18088,random_forest,local,1.2055694667865375,1.5116758369373842,17.710152570875625
W18088,mlp,local,0.9241706447810916,1.1306841211285552,14.076688809105615
W18088,lstm,local,0.9400499035761908,1.1109854349354369,14.901325362920138
W18088,gru,local,0.8727343722752163,1.0509998408455572,13.74195122927782
W18089,baseline,local,0.8676923076923077,1.0723673090257992,14.072665253055954
W18089,arima,local,0.8688183860074101,1.0719576649125635,14.089115747108774
W18089,lightgbm,local,1.0323000724344946,1.2708058932155195,15.833296687507882
W18089,random_forest,local,1.0729676216237714,1.376182900051519,16.13322422090601
W18089,mlp,local,0.7884212580530635,0.9986641729459343,12.432249363735052
W18089,lstm,local,0.7825623079795978,0.9625473701043424,12.515918123010502
W18089,gru,local,0.797427473522368,0.9634832060488436,13.139176525497112
W18090,baseline,local,0.9843223443223444,1.1783709661146688,15.924466788827704
W18090,arima,local,0.9855819005180956,1.1790610521491829,15.944687924241585
W18090,lightgbm,local,1.2886983470686753,1.6245639735317752,19.270954407468327
W18090,random_forest,local,1.299718238861723,1.6286950797814164,19.36750326503459
W18090,mlp,local,0.8719195511576894,1.056584172878844,13.93772012459532
W18090,lstm,local,0.862652640919109,1.0317526111571906,13.839802862428796
W18090,gru,local,0.8168625957363254,0.979835541993972,13.111351375765429
W18091,baseline,local,0.9863369963369965,1.186426841129661,15.931839604736345
W18091,arima,local,0.987381748554087,1.187125881545012,15.94677081651976
W18091,lightgbm,local,1.0257330119035422,1.3099657820424264,16.00630328529063
W18091,random_forest,local,1.0609967887364706,1.3228492943240806,16.31055330724688
W18091,mlp,local,0.7548975751338862,0.9127954687608362,12.310286408371525
W18091,lstm,local,0.8339462597116883,1.010018909639437,13.57485040882878
W18091,gru,local,0.7683736406403148,0.938677502924228,12.417179591379512
W18092,baseline,local,1.0548717948717947,1.2812030002156705,16.101930821834422
W18092,arima,local,1.0555518622232989,1.2809357289797227,16.11265173170199
W18092,lightgbm,local,0.9920991290897604,1.2313863330412893,14.627465136376712
W18092,random_forest,local,1.0641770031945998,1.3152262238171466,15.53222883924279
W18092,mlp,local,0.8600193895612444,1.0255330480842246,13.136967466737392
W18092,lstm,local,0.9662644138964976,1.1430595293396937,14.75915947317436
W18092,gru,local,0.9006841372395609,1.0585888303465183,13.865563289657928
W18093,baseline,local,67.51282051282051,90.70870674060234,9.668920978549494
W18093,arima,local,67.51282051282051,90.70870674060234,9.668920978549494
W18093,lightgbm,local,63.29909865938989,79.5232118614297,8.819963518089585
W18093,random_forest,local,67.96341712519185,88.28722424149075,9.477916522070648
W18093,mlp,local,60.51670695434122,73.69431256757716,8.715401890525532
W18093,lstm,local,81.560106527587,89.39355166383429,11.72763012165991
W18093,gru,local,63.22800288497309,71.59486474850571,9.095183419576587
W18094,baseline,local,44.82051282051282,59.89273697965026,7.823907025786251
W18094,arima,local,44.82939373919061,59.89566095724781,7.825615202467449
W18094,lightgbm,local,73.03800267904863,84.45649673080517,12.28226573222737
W18094,random_forest,local,78.74686258296438,90.41241981801906,13.058436246975347
W18094,mlp,local,40.621104973314445,51.1051010329946,7.071715313564988
W18094,lstm,local,70.78127231248568,78.76220237186449,12.231033084149614
W18094,gru,local,56.79195981427428,65.51799622943265,9.922730529567028
W18095,baseline,local,1.0835531135531136,1.338163333711932,17.050848046274986
W18095,arima,local,1.0861622456525477,1.339203481520127,17.09163664254672
W18095,lightgbm,local,1.1144758245398951,1.3813027005576466,16.846717135819425
W18095,random_forest,local,1.1885668582323148,1.4540668948784323,17.68385424603044
W18095,mlp,local,0.9540792950081738,1.1851154174273013,14.615703328301274
W18095,lstm,local,0.9175131031707092,1.0943715544748671,14.626573531666017
W18095,gru,local,0.8699629739963965,1.0727533690950588,13.648429693283417
W18096,baseline,local,1.1069963369963367,1.334462595525446,17.385568093913417
W18096,arima,local,1.1079669504464325,1.334558722681702,17.401776210696077
W18096,lightgbm,local,1.1109875782965155,1.3574564613645053,16.627529913021046
W18096,random_forest,local,1.208286973048844,1.464631516626832,18.009283478326573
W18096,mlp,local,0.921135307738196,1.12549301072221,14.158462427282185
W18096,lstm,local,0.976089881331056,1.1517201805501018,15.365435060572798
W18096,gru,local,0.8896045522026089,1.0657491819078213,13.908366616930952
W18104,baseline,local,1.0257875457875456,1.2497987238361012,15.584592780059255
W18104,arima,local,1.0257875457875456,1.2497987238361012,15.584592780059255
W18104,lightgbm,local,1.4370922846540717,1.8322843398541988,22.51129473542356
W18104,random_forest,local,1.4384489491968293,1.833645911025851,22.536376753659837
W18104,mlp,local,1.4323276292710077,1.8355406922362207,22.428633368488335
W18104,lstm,local,1.436632705381065,1.827356094833685,22.503839940966596
W18104,gru,local,1.4465219737321902,1.8406232336601167,22.684596462117817
P11001,lightgbm,global,7.586074926671088,9.288483427125243,4.399935636724391
P11001,random_forest,global,7.7328505494553585,9.471117392117382,4.61823503871566
P11001,mlp,global,11.402981779776212,13.754194355918765,6.724382962139224
P11001,transformer,global,25.39490716396234,29.287627082422752,16.401181592979324
P11001,lstm,global,14.298333427233576,16.926393260591713,8.272477110473814
P11001,gru,global,18.38763208633814,21.765574836486508,11.285737149727515
P11002,lightgbm,global,8.520593277294338,10.077751704632428,5.2101458778580305
P11002,random_forest,global,7.890377506878542,9.714568109403102,4.930333402597462
P11002,mlp,global,10.196148905212626,12.309675773393826,6.276343521195711
P11002,transformer,global,24.236214908138738,27.240195586808007,16.767652038041735
P11002,lstm,global,12.409362524682347,14.60316035626525,7.590995831537879
P11002,gru,global,25.276520982679433,30.194340818597972,17.008425839248524
P11003,lightgbm,global,9.039557297513266,10.75203209041012,6.021822067004857
P11003,random_forest,global,7.452990345531973,9.50334605202057,4.989805645637633
P11003,mlp,global,18.738371148301567,21.225029497527622,12.117356949244625
P11003,transformer,global,26.923513872195514,30.267846203228395,21.70615341508567
P11003,lstm,global,24.619612496065134,27.246639740291762,15.56266552350866
P11003,gru,global,30.224927026098904,34.62653221510286,18.731151386497377
P11004,lightgbm,global,9.074035236948855,10.76361269407963,6.036381196922309
P11004,random_forest,global,7.372404264945894,9.415636283370816,4.932541335684259
P11004,mlp,global,19.66021728515625,22.07372691013572,12.656162778207479
P11004,transformer,global,19.63423368013822,24.234856911701698,14.655979372179939
P11004,lstm,global,19.125632842905794,21.460838223478156,12.513181074269056
P11004,gru,global,17.044986375522264,20.623218414806534,11.606859756365926
P11037,lightgbm,global,10.44600022532023,12.404724220718933,7.432389125582593
P11037,random_forest,global,9.5223562021782,11.65081764915923,6.743136065824034
P11037,mlp,global,13.680927072601879,17.467148477614668,9.724836022291198
P11037,transformer,global,16.697294152787315,19.856159926423537,13.53005260287656
P11037,lstm,global,20.199291925115897,23.23116920467332,14.05664699510882
P11037,gru,global,18.574702716310384,24.44495054377909,13.080959175629133
P11038,lightgbm,global,10.464554171701867,12.42026546676658,7.4446593943933665
P11038,random_forest,global,9.54861806068374,11.678876281603177,6.762373312974899
P11038,mlp,global,11.132583696414263,13.52943982751917,8.042186447559802
P11038,transformer,global,23.464702921996622,27.226998115308174,19.934709914616764
P11038,lstm,global,30.932388003841858,34.03046571582882,20.24756274526759
P11038,gru,global,14.544413785270716,17.721871249650754,11.03004796532503
P13001,lightgbm,global,8.00575558170288,9.22645292133765,28.310504171514445
P13001,random_forest,global,7.286777608263863,9.244859253860565,25.28380944052075
P13001,mlp,global,21.890261583712512,23.218009646113945,61.19141800661205
P13001,transformer,global,21.580199658739698,24.517286612362767,126.83977814121548
P13001,lstm,global,23.578769178006237,26.95543725398418,96.11245084493389
P13001,gru,global,16.23715158539377,18.91038108293651,78.4844178431414
P13002,lightgbm,global,8.377361272939376,9.622669490481567,21.959030682676296
P13002,random_forest,global,7.9764005707763515,9.818590531778517,20.602717529599566
P13002,mlp,global,28.687546838334193,30.403212116894572,57.921986864949304
P13002,transformer,global,26.93404719873226,30.46168739928935,111.15639453406853
P13002,lstm,global,14.491881787645948,17.01953154109157,45.0380746834878
P13002,gru,global,24.414581701257724,27.88292789941329,82.38883827399002
P13003,lightgbm,global,5.820004733767008,6.932816904829886,19.57041313149149
P13003,random_forest,global,5.246855519651904,6.821093603050504,17.51024029231071
P13003,mlp,global,28.86916293748569,29.620781612903567,68.47127263018812
P13003,transformer,global,16.362739356184182,19.618666392791884,70.90881343670071
P13003,lstm,global,19.448011125837052,23.911045519212497,80.36101591639185
P13003,gru,global,38.44545471414978,41.12073648076678,123.51585972928365
P13004,lightgbm,global,5.597042175579175,6.71499871816656,14.080822479666613
P13004,random_forest,global,5.577415621088525,7.077980187169606,13.865530234612962
P13004,mlp,global,19.842163644867505,20.991961322493317,41.74410431491456
P13004,transformer,global,24.533804041824062,27.777299500203593,94.93722201005279
P13004,lstm,global,13.341919638385704,15.959889541791437,43.560573110942556
P13004,gru,global,18.654068786844665,21.39348345425677,66.23675343478867
P13005,lightgbm,global,6.401628379523355,7.276640483589847,26.343056395457182
P13005,random_forest,global,5.599900274088532,7.052213720820552,22.719341635904602
P13005,mlp,global,28.17816651732057,28.828921125758804,78.33070719430647
P13005,transformer,global,22.041290462060726,25.21063649263157,137.98763314698795
P13005,lstm,global,13.823926362537202,16.199968992886518,77.84506820602905
P13005,gru,global,23.471009217426452,27.414557753144926,94.33771180246559
P13006,lightgbm,global,6.011804756086187,6.779144257874689,17.945775654638588
P13006,random_forest,global,5.924744446014684,7.143859627051365,17.39408884443168
P13006,mlp,global,26.065670653402584,26.84945274530769,58.703922478323214
P13006,transformer,global,40.13632430191878,42.36388816099402,172.67487584043008
P13006,lstm,global,17.07261529160943,19.917679596349632,67.95952220499774
P13006,gru,global,17.157227345002003,21.05279717993525,62.416749528213515
P13007,lightgbm,global,11.586139459450983,14.786674402669192,23.286939803886526
P13007,random_forest,global,14.073277822829274,18.203367076727922,27.462823413138587
P13007,mlp,global,24.54199274643,27.914978272582424,44.099836450189954
P13007,transformer,global,35.499861698360235,40.30840220369968,112.71897571102065
P13007,lstm,global,26.744300814338658,33.5713646169837,59.55793862020799
P13007,gru,global,21.662728199941334,27.622446473441272,51.0624132671701
P13008,lightgbm,global,12.5632676443745,16.302967428430776,19.926492769012214
P13008,random_forest,global,15.281602739693303,19.404906304165642,23.534017872161733
P13008,mlp,global,18.884188295022035,22.663103983934985,29.237220144960027
P13008,transformer,global,44.737198848514765,49.723020606238734,115.96771511186475
P13008,lstm,global,28.977612014043892,36.09257090034429,57.22765728380925
P13008,gru,global,24.774491753770317,31.46883012358697,44.3383592796783
P13009,lightgbm,global,6.362870559769778,7.263098427738849,21.38409779541361
P13009,random_forest,global,6.066607489714461,7.378445303880793,20.075563347449478
P13009,mlp,global,28.797174631195627,29.816104954087677,69.14377972954289
P13009,transformer,global,31.408669250264712,34.12574949556978,143.60919359574063
P13009,lstm,global,11.06357967390682,13.487662009594327,51.00426977746439
P13009,gru,global,26.667905367337738,32.28795018602612,111.7705031211151
P13010,lightgbm,global,6.397738247990736,7.44601875905312,16.06519288261979
P13010,random_forest,global,6.297757524418227,7.7742906196972426,15.659496018258201
P13010,mlp,global,29.235332357665122,29.99728265950619,56.580229381061955
P13010,transformer,global,22.97222549382584,25.606032669863687,93.24753821390064
P13010,lstm,global,18.37760541866987,21.442041106443856,64.16301264067053
P13010,gru,global,18.05560749878377,22.37232856006297,63.24637020340659
P13011,lightgbm,global,7.032786258823481,7.778550773918726,25.581295581836947
P13011,random_forest,global,6.195806465065162,7.319075564644065,22.2026852413235
P13011,mlp,global,23.82391645829756,24.771317385585995,64.7153583559164
P13011,transformer,global,22.37135363009386,24.84753414494013,119.10285608232331
P13011,lstm,global,20.619627184745593,24.161097750479303,101.47421145159798
P13011,gru,global,22.24856849083534,25.46364061151715,105.42057802524326
P13012,lightgbm,global,6.605908124700983,7.5088530033447825,18.21753121898718
P13012,random_forest,global,6.4435762233345155,7.920471292564048,17.431534847482396
P13012,mlp,global,27.52754203600761,28.322702260068876,57.396413254365164
P13012,transformer,global,28.468519854982258,30.990574384338306,125.7547624459992
P13012,lstm,global,19.78185026846526,22.71900758351618,73.90908986952068
P13012,gru,global,20.406780357500573,24.78521659712034,77.75923022168281
P13013,lightgbm,global,6.540072586735301,7.6313399822278045,15.947632831760876
P13013,random_forest,global,6.766109417046904,8.350925794364917,16.3035320644296
P13013,mlp,global,22.4231928228022,24.869335911213142,43.86964937790739
P13013,transformer,global,38.25368927337311,41.03971781817968,123.88153360272304
P13013,lstm,global,24.834410771520147,28.40360577129626,91.41787852456811
P13013,gru,global,18.88608975253262,22.384370326274748,51.703309237157896
P13014,lightgbm,global,7.100562895953035,8.526451646510669,13.29933639389093
P13014,random_forest,global,8.106992078360994,10.07804947093312,15.03708040118022
P13014,mlp,global,14.283624088720524,16.981869271679,25.089066358760267
P13014,transformer,global,27.01732396834936,31.169356101059265,71.94440746850104
P13014,lstm,global,21.347492259937326,24.347541468860666,50.59500666041417
P13014,gru,global,21.36232196961567,25.48580929905367,49.89773032137866
P13015,lightgbm,global,7.546281964760693,9.18834413980698,19.680878182131302
P13015,random_forest,global,8.438726124761976,10.901278163464152,21.19665625134624
P13015,mlp,global,24.31822657323146,26.17392654285794,51.489329655599285
P13015,transformer,global,31.960588392320567,35.4245798623078,124.82339234932529
P13015,lstm,global,22.92899368900956,28.361587228782327,83.7379965140023
P13015,gru,global,21.168566715673652,24.76272558895365,78.34642534492336
P13016,lightgbm,global,7.290306396167824,9.431243871986283,14.817853443769689
P13016,random_forest,global,8.51107390786905,11.34722150265937,16.91735673061329
P13016,mlp,global,23.706520499763908,25.637710220532806,41.4664295747484
P13016,transformer,global,24.915679998712225,28.05068817946208,75.81773518562721
P13016,lstm,global,22.257423507075607,28.304441573993785,64.343332091946
P13016,gru,global,26.89737068148323,33.07807696210672,83.22882473772475
P13017,lightgbm,global,11.642246597867903,13.830532837944906,30.261489277535155
P13017,random_forest,global,11.345798863155846,14.555982340219364,28.42269748830207
P13017,mlp,global,21.352840281056835,23.171086664964925,50.25464249087475
P13017,transformer,global,27.730629207625054,32.17741458108653,101.17889803196668
P13017,lstm,global,19.304879414205583,25.080107235038348,64.8925437500989
P13017,gru,global,25.18958805070255,31.24634531955261,84.86582867884265
P13018,lightgbm,global,11.758739288331888,14.674086137579499,23.638110301757145
P13018,random_forest,global,12.156127752494992,16.31186926170168,23.66317716628408
P13018,mlp,global,23.89718744187128,25.880085526866786,44.39721407982752
P13018,transformer,global,25.089584026406538,29.71065136027327,75.51043237210118
P13018,lstm,global,33.21857158954327,45.34135968917399,87.10315981651907
P13018,gru,global,32.245367655212625,38.54916339567866,99.27813980080992
P13019,lightgbm,global,9.094471772834014,10.794286936709264,26.371940426300334
P13019,random_forest,global,8.5811826821227,10.98119186333781,24.243879848905614
P13019,mlp,global,27.489310553135017,29.07294758314368,62.982050869340355
P13019,transformer,global,20.244609634343522,24.043825719538933,82.1946110124504
P13019,lstm,global,18.744884180760646,23.025740781845396,67.0963472381554
P13019,gru,global,25.220422050280447,32.44612623319581,98.29634716934231
P13020,lightgbm,global,8.58324413687433,10.584780253035138,18.906969208014182
P13020,random_forest,global,8.76701530204047,11.365797188463839,18.936521107222507
P13020,mlp,global,17.15917528313158,19.747548063545388,34.69841431453169
P13020,transformer,global,27.916033890832477,31.463155585018683,96.48659048251459
P13020,lstm,global,24.281493671123798,31.346387272462202,75.488548360655
P13020,gru,global,23.375108477134845,28.914128730968816,77.11402547864846
P13021,lightgbm,global,7.1068087614453805,8.330998460831122,22.776129999469614
P13021,random_forest,global,6.945639488198024,8.67010426030102,21.79795872365516
P13021,mlp,global,27.143154784261963,28.39824446329023,64.46289764056651
P13021,transformer,global,30.29320591517857,34.386668216977874,139.58141793651947
P13021,lstm,global,13.004170467390683,16.01230350983808,50.453352789559986
P13021,gru,global,25.437129362336883,31.11102359734294,91.09175657829002
P13022,lightgbm,global,9.3908102286839,12.957649210764567,19.28394888476513
P13022,random_forest,global,9.685316920628697,14.189403627650648,19.478014438630332
P13022,mlp,global,30.5846188723386,32.59973257467608,51.46708308501023
P13022,transformer,global,41.03885493575435,44.752572426468944,138.44295883990395
P13022,lstm,global,18.881814787588713,25.123848869762963,44.43122007201352
P13022,gru,global,31.946819554143776,47.35290446449509,75.86652290123746
P13023,lightgbm,global,9.741565785592234,13.571059454451296,15.386543066572727
P13023,random_forest,global,10.250632322005902,14.883902612899437,15.987323684245984
P13023,mlp,global,15.811429537259613,19.926903038423223,23.78694160705476
P13023,transformer,global,29.610129108359086,35.31356674526906,64.61452594348324
P13023,lstm,global,23.797997420873397,34.049542138976655,50.30377634588233
P13023,gru,global,22.540221385466744,31.719276513197975,46.48140859684121
P13024,lightgbm,global,5.4747976806399254,6.358200591393488,19.693257541527675
P13024,random_forest,global,4.690264301819413,5.927667876138298,16.76309986834314
P13024,mlp,global,20.25904236957704,21.146596062283585,56.091011370886804
P13024,transformer,global,19.93156888074491,23.03427724643472,107.79468234624112
P13024,lstm,global,14.017677793398011,16.31985252686144,73.34806355069331
P13024,gru,global,14.92189232683007,17.596612664874577,83.72861042753578
P13025,lightgbm,global,5.02292698797048,5.968240903211429,13.561232541265856
P13025,random_forest,global,4.953844599518749,6.220437357647761,13.173040505287565
P13025,mlp,global,21.640084693545386,22.292767997944246,46.67847451964464
P13025,transformer,global,31.972878748855305,33.90744050596569,140.39765706255778
P13025,lstm,global,20.638040418240614,22.879307841114173,86.10193912418599
P13025,gru,global,18.18686709002261,20.692045332122447,73.16423859330456
P13028,lightgbm,global,5.611905178137414,6.250943485512901,21.98850623267196
P13028,random_forest,global,4.701807406562757,5.770404646822567,18.33759703278209
P13028,mlp,global,22.665433577652813,23.23245682182302,65.42075047258169
P13028,transformer,global,30.902266282301685,33.00264871793049,164.69857273195734
P13028,lstm,global,11.514225126273466,13.664061690257011,62.84276648089351
P13028,gru,global,20.320801899110005,23.390777317216568,99.9237868230893
P13033,lightgbm,global,5.014845966883428,5.063487822901245,18.102198264980295
P13033,random_forest,global,2.341218877934067,2.345672481269062,8.845040473278498
P13033,mlp,global,15.23561253809667,15.40674512857601,46.510325031401734
P13033,transformer,global,37.77575278928428,40.168662672253404,171.81285785473102
P13033,lstm,global,11.343194736578525,13.184754601870633,60.867907613946144
P13033,gru,global,14.721763281071143,17.263854772108775,77.74211493833259
P13034,lightgbm,global,4.512298498599718,4.589510476529974,14.316306950003906
P13034,random_forest,global,0.5548586572765387,0.5879945631354235,1.9178924899509784
P13034,mlp,global,24.380404607192936,24.500508156293726,59.046220719325774
P13034,transformer,global,24.41086528624371,26.88809904345618,127.32889899884985
P13034,lstm,global,11.760332469451123,13.82810498498937,53.541546155615364
P13034,gru,global,22.60832646967291,26.27747486509758,100.89515623955177
P13035,lightgbm,global,3.2716939958774764,3.2754329083003233,30.68396451270251
P13035,random_forest,global,0.17772682392647104,0.17772682392647104,1.9892940361005889
P13035,mlp,global,38.35675547393687,38.83773800294601,135.30294039601057
P13035,transformer,global,22.642605043068908,26.43774194544294,170.98148753347942
P13035,lstm,global,10.685904232486262,12.754644655925631,121.01609522533212
P13035,gru,global,16.51780545301053,19.496670027970133,120.4994760237978
P13036,lightgbm,global,3.5719287602355587,3.575629012147405,27.85328436340551
P13036,random_forest,global,0.7140406829344151,0.7140406829344151,6.174988035882512
P13036,mlp,global,34.47089562049278,34.59584516384888,121.8628464615339
P13036,transformer,global,18.53754366361178,21.378674637148162,137.31038363106344
P13036,lstm,global,17.34609927222842,20.08746622587032,96.37612259330635
P13036,gru,global,14.503451012691736,17.475036680028385,105.88612909792782
P13039,lightgbm,global,5.107482428271931,5.145326625871933,18.38481012874166
P13039,random_forest,global,2.341218877934066,2.345672481269061,8.845040473278496
P13039,mlp,global,23.09190157376803,23.226959017209587,62.99611938052713
P13039,transformer,global,35.68277498461825,37.14048612614319,181.17894742697942
P13039,lstm,global,20.875160479982256,24.03880217149303,106.1766137706916
P13039,gru,global,14.059363776685554,16.42442491889663,81.50537171996773
P13040,lightgbm,global,4.69292533168696,4.75368129050147,14.835892097734533
P13040,random_forest,global,0.5548586572765346,0.5879945631354193,1.917892489950964
P13040,mlp,global,28.099560837518602,28.345603390617406,64.98825579472313
P13040,transformer,global,36.119916352771575,37.23969774680461,184.5688485202901
P13040,lstm,global,14.983517064803687,16.71389133217974,80.26297897549371
P13040,gru,global,22.555324322487408,27.800668969623974,86.85424477234571
P13043,lightgbm,global,4.096194998291428,4.281656839511948,81.3027743242338
P13043,random_forest,global,1.4017021615758227,1.9142968144334929,35.308164174132
P13043,mlp,global,23.890294225224643,24.147200296518445,158.43775368856035
P13043,transformer,global,17.935148134336366,20.48386726177775,166.49921849756862
P13043,lstm,global,14.653504021613154,18.33023521236343,146.86914088712393
P13043,gru,global,16.53462421570942,18.38469678719897,151.63403248557648
P13044,lightgbm,global,4.371759071900657,4.438396116444223,116.10399838320086
P13044,random_forest,global,0.9117378160887235,1.0789434357410006,47.45574468875641
P13044,mlp,global,23.73558548588456,24.272385398740596,174.65416223361487
P13044,transformer,global,21.931257757948433,24.191465402573037,183.41678300013504
P13044,lstm,global,13.206711810325093,15.263476457369455,162.964867218716
P13044,gru,global,36.89028074383299,39.70898935098838,184.31164521593746
P13082,lightgbm,global,35.61465234651518,42.73366625376616,32.432367863566526
P13082,random_forest,global,34.033857596368,43.57700983272461,31.28145417076912
P13082,mlp,global,65.45873473450376,74.16723266836274,51.948688935907555
P13082,transformer,global,47.37446845756782,58.374966440629784,42.3468808927859
P13082,lstm,global,93.59336310865243,110.19781852136082,63.19974205711382
P13082,gru,global,56.95330853025555,68.91294342243594,53.04283348443503
P13083,lightgbm,global,39.13293700303298,46.619558358442156,29.57870362051408
P13083,random_forest,global,36.15268893902603,47.35599441630867,27.969641482869974
P13083,mlp,global,46.27258014609088,53.41583029027722,34.76923239213672
P13083,transformer,global,52.086340242602446,63.61562791654096,36.84923913576914
P13083,lstm,global,96.7698478279533,110.5733170549352,57.651481526102565
P13083,gru,global,51.64132097963885,61.9715111180562,38.79957777030669
P13084,lightgbm,global,20.466738160990968,24.914913008846106,23.725073165222575
P13084,random_forest,global,24.013286427532424,30.09866757076204,27.957033808594367
P13084,mlp,global,34.73158289870936,39.60349890097716,38.02077102358404
P13084,transformer,global,47.414505485562614,54.09853308487409,61.326844244889436
P13084,lstm,global,54.89645613785628,66.5311137239843,86.15212929563751
P13084,gru,global,43.69592826200492,49.970792568672934,55.52313007267645
P13085,lightgbm,global,22.85980905612117,27.018676446477297,21.574437853205115
P13085,random_forest,global,25.09889634104793,30.89708714702773,23.864205402130246
P13085,mlp,global,34.44365791069282,38.98920541419202,31.731458556718092
P13085,transformer,global,51.87715764866643,59.36147891366043,51.6728180457204
P13085,lstm,global,38.628307725396354,47.4571225790702,38.17983928014498
P13085,gru,global,45.546775331601985,55.590241285343026,51.51208498114354
P13087,lightgbm,global,10.267216450869068,13.711329749560582,15.37828508136072
P13087,random_forest,global,11.215528365236514,15.366678815211547,16.62453806157949
P13087,mlp,global,10.50020528381124,14.817523158550307,16.031122614187385
P13087,transformer,global,27.722964824075667,32.94998350578474,62.88366243009307
P13087,lstm,global,18.431837189503206,23.619566905531283,34.13559890695298
P13087,gru,global,21.883521446814903,28.075305682468002,43.09373269902424
P13088,lightgbm,global,21.113037439735088,26.04503150516257,25.712954476949097
P13088,random_forest,global,19.231788738455442,24.21509774571347,24.12186910603079
P13088,mlp,global,37.78666180621137,44.36237961021819,41.09767931071423
P13088,transformer,global,31.079843463827835,38.008946625726026,37.32080684309078
P13088,lstm,global,145.64945546803457,151.06651894254054,93.54608606588675
P13088,gru,global,45.90686383928572,55.385593506224765,45.679650247405206
P13089,lightgbm,global,20.951530761334727,26.293065240926637,20.766227711281434
P13089,random_forest,global,21.774378017351644,27.166887415747322,22.03851652338627
P13089,mlp,global,34.96023964235634,41.959037591157404,31.856837959090036
P13089,transformer,global,31.531219951923077,38.117816080928634,29.693266337030416
P13089,lstm,global,66.24259223239326,71.83087712336663,50.10940196584247
P13089,gru,global,37.825123925960106,46.073945725364645,33.799596137672566
P14001,lightgbm,global,6.3954796178127165,7.655473128150054,12.580764594811493
P14001,random_forest,global,7.230935893997257,9.206674333941843,13.753820100774487
P14001,mlp,global,15.92885017814217,18.33169982709619,28.62278769510961
P14001,transformer,global,27.541532389322917,31.04975149150975,80.54291719757205
P14001,lstm,global,17.158599451086026,20.389248512186647,40.46505673314154
P14001,gru,global,23.26775660252833,26.75441780203272,64.90402438764586
P14002,lightgbm,global,6.262910569032075,7.329635072522376,10.156151626504554
P14002,random_forest,global,6.070299637939409,8.195629313263424,9.681606468684837
P14002,mlp,global,22.23148691924937,24.26047371654414,31.63412647358417
P14002,transformer,global,29.471455355354284,32.76013284830891,68.88859034457269
P14002,lstm,global,20.641610483022834,24.89708938731649,31.833716765356446
P14002,gru,global,22.421738464579043,26.47511050783873,39.99810677952659
P14003,lightgbm,global,6.728744987631595,7.815996799866644,9.326284687595804
P14003,random_forest,global,7.457404505567878,9.165266931027666,10.171448608933606
P14003,mlp,global,13.196954211559923,15.5364067438281,17.496536279683394
P14003,transformer,global,32.04983779851334,35.46286860144173,59.57986751884083
P14003,lstm,global,21.504124724559297,24.85789239066817,28.39422488024917
P14003,gru,global,20.0554442465087,24.241543622270505,31.093973439454356
P14012,lightgbm,global,14.429948696133962,16.47300486246614,21.104435545223076
P14012,random_forest,global,12.440884955909606,15.897110662781946,18.479878340137525
P14012,mlp,global,23.09395959875086,26.970994357472506,31.75157872904134
P14012,transformer,global,23.526355852399554,28.040885207032375,39.088524299442966
P14012,lstm,global,25.909724331251432,30.272628102159718,34.96293849989324
P14012,gru,global,50.05934141948546,57.29542004516152,62.986807571634564
P14013,lightgbm,global,14.07072467419608,15.878396815338311,26.639019342972112
P14013,random_forest,global,12.53518034751165,15.192160111143838,24.135577026303714
P14013,mlp,global,29.644278703067766,33.37396319279357,47.82129699437961
P14013,transformer,global,25.656202669807406,29.203183082012266,53.65757599870985
P14013,lstm,global,25.74906797304259,29.26053456490489,43.189130610135706
P14013,gru,global,32.06405179090116,37.33274395789635,55.257963116374945
R11001,lightgbm,global,158.98226491874576,191.13402613090707,9.711869446145773
R11001,random_forest,global,504.97471911939374,561.4494089394499,24.457763616016997
R11001,mlp,global,261.17593462039264,284.6138009935666,14.853718175254372
R11001,transformer,global,276.0164733216003,294.80923220138277,15.615520907800445
R11001,lstm,global,220.24576742430745,238.90372131006762,12.776232651561514
R11001,gru,global,326.96718946743357,353.7700779070151,18.108012482819603
R11002,lightgbm,global,163.5754492737014,192.6839653638362,10.229615912347308
R11002,random_forest,global,474.09829818297965,533.3633901886597,23.706160042664838
R11002,mlp,global,247.6344109503778,267.8663833151839,14.597977292015486
R11002,transformer,global,245.14882544213597,264.4973263558521,14.530282693031353
R11002,lstm,global,242.8088805481628,262.8981138256948,14.435525672861662
R11002,gru,global,198.26059221540177,218.00011977184553,12.102214195049186
R11003,lightgbm,global,169.98783753896495,198.35129842240534,10.639808848134361
R11003,random_forest,global,466.47563323445263,526.676645071779,23.482741028569176
R11003,mlp,global,268.5519234346383,292.1894320428622,15.814103674249225
R11003,transformer,global,252.40610333676742,271.0523629204426,14.975324151820388
R11003,lstm,global,246.0995555388622,265.1626403978559,14.59888272623579
R11003,gru,global,283.598204537975,304.88964026926095,16.490743537114263
R11004,lightgbm,global,171.17860752020118,199.59768913937748,11.03058989820006
R11004,random_forest,global,464.18705763300534,514.0746922726078,24.209277965454714
R11004,mlp,global,284.01351126087457,312.72652793960054,17.227722744383982
R11004,transformer,global,278.5430096189618,298.3767940397668,16.75385285137201
R11004,lstm,global,279.78582464085395,306.8604890856815,16.92819144879449
R11004,gru,global,242.36383848085507,264.54205156419266,14.965526904129723
R11005,lightgbm,global,167.15873625249168,195.91470468711537,10.548408092629355
R11005,random_forest,global,470.02727709947897,529.7423565387323,23.767663061468813
R11005,mlp,global,277.4828275240385,304.66949058094036,16.41456842984632
R11005,transformer,global,254.3351626888736,271.7734860504081,15.199491812073882
R11005,lstm,global,274.14291088956617,297.07414140608273,16.2387676837564
R11005,gru,global,303.6876497038118,328.72040535752984,17.60536774667441
R11006,lightgbm,global,170.023853181893,196.83776449099446,11.054885376049265
R11006,random_forest,global,468.8792334556225,516.3882395250372,24.595354213269566
R11006,mlp,global,261.29932364998285,285.02212261102784,15.982708113980374
R11006,transformer,global,260.0008585164835,276.7695982453444,15.934575943294552
R11006,lstm,global,270.7745396205357,290.0947812257722,16.581422734958387
R11006,gru,global,269.33006784068795,298.3437719425927,16.52849409872645
R11007,lightgbm,global,168.4648163805238,197.01222363858378,10.827450038721759
R11007,random_forest,global,462.86365813730544,512.671721136882,24.022819967451678
R11007,mlp,global,263.87168398008237,287.95513791639394,15.924955193166749
R11007,transformer,global,259.71772112165183,277.2598748183686,15.810335274645007
R11007,lstm,global,331.8587413075206,356.5921313928157,20.1246946858564
R11007,gru,global,319.053713620364,343.9384750887963,18.679163485613024
R11008,lightgbm,global,181.52378568453378,207.8255905640739,12.059466916872642
R11008,random_forest,global,470.74966897437605,507.63990989770355,25.371420755343586
R11008,mlp,global,293.24039650941506,326.54100954173015,18.33521658311267
R11008,transformer,global,284.5014220967834,308.8441752269522,17.478482964082026
R11008,lstm,global,299.8223797361493,324.65938218924055,18.740280224649773
R11008,gru,global,269.5533241579384,295.5911412528136,16.927713210920608
R11009,lightgbm,global,182.74898226543328,209.04204771348114,12.558861698723009
R11009,random_forest,global,481.2831059845706,515.0428599661152,26.55407714018301
R11009,mlp,global,257.8145571306948,280.32467003379696,16.73219459889425
R11009,transformer,global,263.7179019466861,281.43368576644866,17.087205435267283
R11009,lstm,global,302.7992099859776,330.3229627319416,19.445490822166654
R11009,gru,global,296.12978721311237,320.7604404254277,18.931543565132593
R11010,lightgbm,global,185.78047292202945,215.55295004229288,12.65128135149501
R11010,random_forest,global,477.7962272159933,511.58920558173503,26.265380975212384
R11010,mlp,global,258.1978909111721,279.85433161109734,16.649272714212138
R11010,transformer,global,284.3974917904361,304.2938267197381,18.069536202728
R11010,lstm,global,269.04235732529185,289.3405709113069,17.26364703292532
R11010,gru,global,351.6602280613267,377.0691057166383,21.44732999233019
R11011,lightgbm,global,179.61366037257542,208.51744742162913,12.516797716511045
R11011,random_forest,global,484.35819521405995,517.7182866116394,26.983978432977416
R11011,mlp,global,269.78558175223213,295.20147491887434,17.69123660830878
R11011,transformer,global,282.8363429701809,302.8542628694054,18.31336347008301
R11011,lstm,global,284.5768277458219,305.7887317340096,18.67641510743639
R11011,gru,global,300.59257588928,324.39021055371416,19.286961902980824
R11012,lightgbm,global,183.15412270711278,210.99037138474017,12.948621296921834
R11012,random_forest,global,484.1836257893307,513.4130602567086,27.41414960129444
R11012,mlp,global,276.66309112437045,304.2401894124318,18.36728733644149
R11012,transformer,global,279.71814814417354,297.9527474722564,18.431846429629097
R11012,lstm,global,270.74779558007094,291.9558362820136,18.068871757299043
R11012,gru,global,300.51717095567193,322.08753371920494,19.492579075291292
R11013,lightgbm,global,142.7969409005718,156.0991787874936,11.939160049990628
R11013,random_forest,global,185.5761837706179,204.3185678390701,14.47386016017325
R11013,mlp,global,172.23980001931665,189.65666309803356,13.902484302949555
R11013,transformer,global,195.02928283467833,207.08224831751187,15.3105331495604
R11013,lstm,global,173.40955859732713,188.20847707475644,13.858213598164639
R11013,gru,global,224.39851852249313,237.9020261620015,17.361909843081676
R11014,lightgbm,global,139.62517954050628,152.90174200876373,11.689771120710011
R11014,random_forest,global,186.77170960022156,205.14670853075373,14.549368273336043
R11014,mlp,global,163.89536973443222,179.57427743929824,13.244470623687596
R11014,transformer,global,201.21750926482372,213.79483176714803,15.716224757318804
R11014,lstm,global,180.67315445784683,199.76408063620812,14.494166221158782
R11014,gru,global,209.12424039176966,221.53363260392797,16.353271094332904
R11015,lightgbm,global,136.6560767743743,149.1113253029436,12.563761967209693
R11015,random_forest,global,181.54715978408416,200.4942855636065,15.714603472368804
R11015,mlp,global,162.9651683765453,178.06269682699107,14.390574768923802
R11015,transformer,global,206.71591734274838,216.74037547283666,17.480118120378368
R11015,lstm,global,176.2731223976219,194.29431740707284,15.443117820261401
R11015,gru,global,184.64036453861894,197.8799064177095,15.909529852883384
R11016,lightgbm,global,136.05125734326833,148.64854338393852,12.50546178236978
R11016,random_forest,global,185.52955112393823,205.39605747153496,15.936501264556947
R11016,mlp,global,154.54182504507213,167.27495842260842,13.66116968983649
R11016,transformer,global,206.4886569403903,219.57816825521496,17.601039025467298
R11016,lstm,global,170.8052740635016,184.72104900153718,14.921205680381945
R11016,gru,global,227.3914665250114,242.99370473917116,19.199150650302315
R11017,lightgbm,global,117.43941681450708,134.60732685840122,10.652967164679627
R11017,random_forest,global,155.68709932054676,176.64173425991476,13.512997446117708
R11017,mlp,global,119.3485595703125,132.29778968195805,10.746370284799525
R11017,transformer,global,167.93380462311126,185.88727038411122,14.43620936255902
R11017,lstm,global,153.5327838827839,171.05047481831997,13.563809261630032
R11017,gru,global,158.38333950392055,175.72716769454846,13.761823733452513
R11018,lightgbm,global,137.47388938084623,172.6715613586864,5.409370995042719
R11018,random_forest,global,292.9310488563641,326.6663088130933,12.85231394736321
R11018,mlp,global,223.44273247910942,241.7665961896045,9.086542886038455
R11018,transformer,global,105.41662982200091,135.0609498312931,4.209697677274768
R11018,lstm,global,138.77493829412774,166.42893076822102,5.3943692668021175
R11018,gru,global,174.62247989640565,203.42265860548642,6.723985355995621
R11019,lightgbm,global,209.37965037630994,233.94426759619873,8.065367246969322
R11019,random_forest,global,390.09565460107547,411.70690494709635,16.462348600915224
R11019,mlp,global,230.11505802140564,251.82810748713027,8.680688274171818
R11019,transformer,global,96.40691731770832,118.2024671952089,3.569919944501823
R11019,lstm,global,108.16691456330128,135.58150090969994,4.0034155684662185
R11019,gru,global,99.75179680345697,123.97992344735967,3.674040952155295
R11020,lightgbm,global,126.53012860170129,153.0546719674308,5.170690137412698
R11020,random_forest,global,278.2120977942442,303.46697279387007,12.25693139856873
R11020,mlp,global,261.6192579555861,274.61548172669745,10.786302871602626
R11020,transformer,global,99.6371095538576,120.75757615851289,4.02513432021984
R11020,lstm,global,103.24511217948718,133.81603900037229,4.194786037285705
R11020,gru,global,110.09981881725045,130.48066599149666,4.39765363801879
R11021,lightgbm,global,144.22649065430173,178.23920416226753,5.759568388349473
R11021,random_forest,global,321.2356118891944,342.05184703983633,13.99022933419335
R11021,mlp,global,313.19255576779994,323.14503855699184,12.547588712672797
R11021,transformer,global,99.62713842147437,123.87137865765467,3.890032350423387
R11021,lstm,global,107.8995140438988,141.29122733974944,4.210852155198554
R11021,gru,global,97.57691323975503,115.02951977875372,3.779649562384006
R11022,lightgbm,global,117.28473185540365,149.65945501932782,5.294741186730611
R11022,random_forest,global,239.2414667831701,297.66747752999555,10.082893817788559
R11022,mlp,global,229.66050180288462,244.28488340434336,10.249433494225508
R11022,transformer,global,107.64479095123625,131.36614941260206,4.728750989121276
R11022,lstm,global,114.21370228079213,149.28874812493046,5.046698257401299
R11022,gru,global,105.33352971897894,125.65850447349405,4.582192688536701
R11023,lightgbm,global,132.83670864420912,161.67405312118382,5.767204598627221
R11023,random_forest,global,291.8856181256558,317.6297519749235,13.257138272277157
R11023,mlp,global,234.8786354595925,249.91409559010435,10.042937956514894
R11023,transformer,global,99.81313655420101,123.1080203971665,4.222292020502107
R11023,lstm,global,111.72897296388507,144.84880648684393,4.719170872080785
R11023,gru,global,103.24993096096611,123.27098459187047,4.31760378153786
R11024,lightgbm,global,119.8914933810128,147.24326896098245,6.154062260001824
R11024,random_forest,global,215.03084710973363,277.9496854081032,8.949418869092344
R11024,mlp,global,243.95573167067306,256.5899351532021,12.112964697862306
R11024,transformer,global,93.70347448775183,115.38206900458155,4.593579011665237
R11024,lstm,global,136.9415337754693,154.2828291613173,6.7158990988729075
R11024,gru,global,84.99453938802083,105.66996615934468,4.218973935972908
R11025,lightgbm,global,102.93192302048479,128.27082683824023,5.209737818169961
R11025,random_forest,global,214.95930877525785,277.9380046783653,8.945909782758235
R11025,mlp,global,257.8211829999428,271.7086327937321,12.844776546648651
R11025,transformer,global,92.29769023294413,118.55035423846127,4.568085783265275
R11025,lstm,global,133.19966723543382,153.0212229994292,6.539735932581694
R11025,gru,global,95.64544691148694,123.02011056122774,4.7425988615159484
R11026,lightgbm,global,163.58675156108092,188.3919478153563,10.691095947348975
R11026,random_forest,global,436.1189726237511,466.2181169572015,23.944022817629524
R11026,mlp,global,252.86173279032164,274.4558599874381,15.597409114579861
R11026,transformer,global,284.7026373447516,303.6457784672506,17.164888990013072
R11026,lstm,global,234.36358253562844,251.12682715654984,14.543119425550334
R11026,gru,global,294.6180360898867,321.58567364233704,17.899518960424956
R11027,lightgbm,global,165.33968315632038,196.50829350574048,11.138628387898386
R11027,random_forest,global,470.3241148883,491.7262946224948,26.081024787092883
R11027,mlp,global,248.95622594365267,271.54267093829077,15.85013750274453
R11027,transformer,global,266.9214425223214,284.5985251971532,16.788940625593973
R11027,lstm,global,229.44157750615267,248.57660060347698,14.8914433292182
R11027,gru,global,264.2218416430575,286.29231536974055,16.72347645692821
R11028,lightgbm,global,209.29628187946096,237.3450771803686,17.878045190393976
R11028,random_forest,global,320.82397994507227,358.0376669081535,24.130759259433255
R11028,mlp,global,261.6102303864755,288.55765757767847,21.203828426433628
R11028,transformer,global,292.8372156164148,314.3330192936537,23.00772030803112
R11028,lstm,global,311.6446176382212,336.6767115832157,24.289741603642316
R11028,gru,global,386.3641072144002,411.5352513798269,28.586503351627393
R11029,lightgbm,global,262.4811610851278,293.7879179957755,7.806222443557547
R11029,random_forest,global,344.1795746995404,389.69107512241527,10.695216822396644
R11029,mlp,global,513.9662425952954,540.6752816016382,15.688793130820752
R11029,transformer,global,210.32294331644917,244.53847864510854,6.065586634317401
R11029,lstm,global,226.71464486034802,266.36846601793343,6.578842881921614
R11029,gru,global,225.15366801167585,278.34231797423126,6.467436189178055
R11030,lightgbm,global,271.93683045270353,312.86466587635124,8.146847618119903
R11030,random_forest,global,278.5700150191453,334.96039249327106,8.452418615650105
R11030,mlp,global,489.26462196657513,518.868119838258,15.027419523870634
R11030,transformer,global,221.6362803700206,266.47576385363544,6.437044603649793
R11030,lstm,global,251.26412653102108,298.0072278874037,7.365863267369288
R11030,gru,global,242.75911351018772,300.74826415542805,7.066155878135435
R11031,lightgbm,global,278.42357565707164,315.49341746469645,9.331313121896608
R11031,random_forest,global,264.3872730713003,318.5137066790586,8.928054315387113
R11031,mlp,global,429.7226245922046,456.67223331689627,14.439917807952735
R11031,transformer,global,143.20418312156593,184.91046884790347,4.48402757651178
R11031,lstm,global,175.1738077352335,213.3303006318619,5.580018874410243
R11031,gru,global,174.95851415836768,219.7845653429234,5.5352817417259175
R11032,lightgbm,global,293.5588331194166,327.5484589257806,9.900020141579489
R11032,random_forest,global,263.99472527802084,303.3221071792135,8.89795133933836
R11032,mlp,global,465.1486557062729,496.6978122448169,15.999249056269196
R11032,transformer,global,219.22113166781136,257.3810847434711,7.149273773812423
R11032,lstm,global,226.8942547361493,264.8773614631717,7.402078239599261
R11032,gru,global,231.52242534483744,270.87315294842324,7.5682527999563565
R11033,lightgbm,global,120.89869281114086,142.98294826020344,8.19027904757148
R11033,random_forest,global,412.30995605105244,431.681316080947,22.838438559771976
R11033,mlp,global,224.05923987308265,240.54087408099434,14.537057570849111
R11033,transformer,global,188.22214927813073,208.09215870752786,12.157849216523921
R11033,lstm,global,177.5579833984375,193.4594587699409,11.606880421870892
R11033,gru,global,169.75438710865956,189.73919327420498,11.130886322255128
R11034,lightgbm,global,121.28495948751988,144.30875387916632,8.223362465179033
R11034,random_forest,global,411.6816682355573,431.815848548112,22.80395293984438
R11034,mlp,global,221.4701732593578,238.2821114695965,14.355408180820495
R11034,transformer,global,197.4000926482372,219.44865107366815,12.681937429599724
R11034,lstm,global,165.22237991500688,181.32038632202926,10.871418579220427
R11034,gru,global,161.80137630923764,182.32807385354332,10.685556607145847
R11035,lightgbm,global,267.1116475626435,309.7753875535755,9.270212932854651
R11035,random_forest,global,230.0700935700094,270.2955787345889,7.877885263006988
R11035,mlp,global,443.2954269688645,477.3104359653835,15.691292631308102
R11035,transformer,global,195.9887457431891,241.47858845189677,6.498608424836304
R11035,lstm,global,207.09597838684755,250.75574744398713,6.912266321077558
R11035,gru,global,200.46361374627978,240.63854814713895,6.686133399183919
R11036,lightgbm,global,267.0169099730236,310.23813220090614,9.264539128601275
R11036,random_forest,global,230.07009357000925,270.2955787345887,7.877885263006982
R11036,mlp,global,445.78402765853946,479.79488956533424,15.794082664504028
R11036,transformer,global,189.94677913232604,231.17692508941826,6.296305632086436
R11036,lstm,global,224.11687986492672,265.2689560588354,7.564743452342505
R11036,gru,global,202.36216482085624,240.30278846270463,6.752627595247782
R11037,lightgbm,global,236.00460160825645,286.68560240081814,10.053742813966833
R11037,random_forest,global,286.49712425801005,343.3346267429326,11.905758497814555
R11037,mlp,global,382.57019248654996,427.0909297460469,16.01612044373881
R11037,transformer,global,230.11871494391025,278.44581699271424,9.860119660307204
R11037,lstm,global,338.5247780377175,382.16632881191697,14.184527300837562
R11037,gru,global,282.3066682584993,327.5232042559134,11.845791540206374
R11038,lightgbm,global,236.07162451580902,286.7643895222004,10.049416308690514
R11038,random_forest,global,285.3468397279893,342.49502705133557,11.858028381475798
R11038,mlp,global,404.4749665536287,446.40463352875514,16.964189794675537
R11038,transformer,global,228.2234847184066,274.6232475259293,9.783480643840523
R11038,lstm,global,335.18633286472647,381.89638645439334,14.078923480945093
R11038,gru,global,248.2775184938759,297.214782534842,10.537452390036254
R11039,lightgbm,global,158.82324717317488,185.75932156315403,11.60319621177911
R11039,random_forest,global,287.13110434312,312.958065875782,18.59229355034755
R11039,mlp,global,212.8227593614068,228.10962760868415,14.981304222578832
R11039,transformer,global,208.7865071614583,236.44720936685835,14.518743184731965
R11039,lstm,global,196.54403277386677,212.53851595675073,13.840950013457832
R11039,gru,global,234.04724702380955,266.3985755830262,15.989446483123373
R11040,lightgbm,global,156.76868945701747,183.6762487168874,11.460400611687641
R11040,random_forest,global,287.24832046033606,313.1081113782593,18.602073882126813
R11040,mlp,global,231.3564730354281,248.62396880349002,16.26213213390926
R11040,transformer,global,213.88553015181432,241.8768423208788,14.807450955126646
R11040,lstm,global,228.23330355354284,244.41552949185183,15.977965621050908
R11040,gru,global,195.11359058422047,221.2910843481356,13.726013024764992
R11041,lightgbm,global,94.04159684695625,114.62694909938509,9.878992410973359
R11041,random_forest,global,117.06786004134014,137.63165022377356,11.990947541630259
R11041,mlp,global,86.13370169056205,106.88211373598854,9.330109307946156
R11041,transformer,global,110.28680576422275,127.46867858222345,11.560122627415426
R11041,lstm,global,95.1749232253749,115.56906334372484,10.211857919990528
R11041,gru,global,101.74713407523467,124.51476634656164,10.76845600340981
R11042,lightgbm,global,89.94552196238618,113.96556249274568,7.975225156258264
R11042,random_forest,global,103.92250774340432,125.72730828883013,9.04148192802675
R11042,mlp,global,112.16089122059581,124.57605954610412,10.13343185066445
R11042,transformer,global,105.84404243217719,129.40857409684241,9.214957271357529
R11042,lstm,global,122.30474723843864,142.66290199075283,10.509920504181853
R11042,gru,global,132.70098487937844,153.42989859737386,11.247871493467859
R11043,lightgbm,global,105.27058400277224,120.04586329305694,13.291878308867018
R11043,random_forest,global,118.70115853455873,135.15820010654392,14.607527363388225
R11043,mlp,global,130.32857907473385,145.93895569744691,15.965890587822589
R11043,transformer,global,166.20601466811186,182.36045586315055,19.336128757018976
R11043,lstm,global,129.67527749756755,146.17673333844874,15.988771590799605
R11043,gru,global,148.00279800359144,165.26703010299184,17.739354478751714
R11053,lightgbm,global,2001.930945685675,2250.807331771818,20.290554127944322
R11053,random_forest,global,1762.2672169391287,2047.8793440229397,17.827068866587915
R11053,mlp,global,1422.6331737923533,1588.5361205450686,14.388179491472886
R11053,transformer,global,1737.5435968978938,2041.6106258828727,17.48988500895902
R11053,lstm,global,2169.7604638850735,2369.129037137921,22.156682196517117
R11053,gru,global,2017.7071478651555,2199.295631772823,20.495258658137736
W11002,lightgbm,global,218.45480190772514,291.5292348231827,10.161237321891345
W11002,random_forest,global,267.001903246849,342.695941293738,12.650401909499854
W11002,mlp,global,290.66085066463484,341.81865176783754,14.296709122159365
W11002,transformer,global,268.8339452051854,308.34001477891013,12.981085253825421
W11002,lstm,global,268.8149142198947,326.9174160148347,13.087791881338493
W11002,gru,global,261.42167002918956,333.7347236901774,12.73669178353319
W11003,lightgbm,global,7.762087972171225,9.185677566326415,10.501741277512428
W11003,random_forest,global,5.9379858795136204,7.145131186810607,8.14304542024072
W11003,mlp,global,22.491733760624143,23.63418460570469,27.36650552448906
W11003,transformer,global,25.70002150762649,29.22777853842545,48.31643357482456
W11003,lstm,global,12.800316756810897,15.503691803771835,16.527783726289215
W11003,gru,global,26.093817563458675,28.69625307569396,49.997804170904374
W11004,lightgbm,global,7.619981397918134,9.012703838355694,10.187317385717957
W11004,random_forest,global,5.823931669800286,6.967900049392044,7.9045378832165385
W11004,mlp,global,26.743363891154416,28.026330568075753,31.177034287942526
W11004,transformer,global,24.568383967920102,27.494099286201635,43.965783643556684
W11004,lstm,global,12.577238045157966,14.92950767971369,15.987545051450898
W11004,gru,global,21.022789208268943,24.257109460688582,34.20879903930903
W11005,lightgbm,global,7.274092726516621,8.75976993562215,7.876349074058368
W11005,random_forest,global,6.744952444041088,8.271714305468148,7.347882209964854
W11005,mlp,global,15.988893144209305,18.066066922674317,16.283037486438865
W11005,transformer,global,22.022667428600048,25.050975973575152,29.862284072920524
W11005,lstm,global,9.723880887992216,12.52246010136633,10.34304724834667
W11005,gru,global,15.540136942322002,18.71889289957955,19.18974130102942
W11006,lightgbm,global,6.96700666804,8.562322904177194,7.463414017041464
W11006,random_forest,global,6.92671560081056,8.443597130195112,7.4980495039398125
W11006,mlp,global,8.108881218878777,9.598933338524438,9.034031756270354
W11006,transformer,global,21.240758338341344,23.70800989775966,27.921536594881463
W11006,lstm,global,14.05056411687271,16.12957407527683,14.15205253261507
W11006,gru,global,15.80850823370965,18.78453589830312,19.643818160298185
W11007,lightgbm,global,9.831076094653389,11.901660959451394,7.073487115604425
W11007,random_forest,global,9.40904254305218,11.244358065460364,6.765855256702257
W11007,mlp,global,15.735379397214114,19.558505399768286,10.996083673844344
W11007,transformer,global,18.942681661193625,21.51199575754825,15.073813306366649
W11007,lstm,global,27.081659136761676,31.031417878958006,17.922560096578913
W11007,gru,global,17.61152144770919,20.781127551743218,13.820929694245446
W11008,lightgbm,global,9.90768047995883,12.026513630714833,7.33889262089547
W11008,random_forest,global,9.122302206490069,11.05421762463386,6.734477554838639
W11008,mlp,global,15.322911859868649,18.145187030551718,11.994094929823813
W11008,transformer,global,20.912882196335566,23.49671011573963,17.311240636848357
W11008,lstm,global,16.411750653724532,19.32876985812208,12.750145411248694
W11008,gru,global,19.72341988252633,23.073827700482408,15.836387562770899
W11009,lightgbm,global,10.332559996119752,12.30860188098562,8.593297547841749
W11009,random_forest,global,10.125202558241785,12.659183228698513,8.591490668134604
W11009,mlp,global,15.853263704069368,19.802925784079545,12.769671634354511
W11009,transformer,global,27.670635695684524,30.13020367896626,27.105210714218874
W11009,lstm,global,17.339331859546704,21.19770181760112,13.93431430205555
W11009,gru,global,20.856732378949175,24.593065052304738,19.208510956579953
W11010,lightgbm,global,10.119385795392152,12.024394034377664,8.556422278486878
W11010,random_forest,global,10.432000911867604,12.598025300272578,8.958976897648753
W11010,mlp,global,15.93468779958648,19.743735446713163,13.070290811388096
W11010,transformer,global,25.744424024868362,28.094342463872824,24.932373490036355
W11010,lstm,global,15.10335901281336,18.592490145571638,12.984522766756664
W11010,gru,global,22.767866689381584,27.427510636037105,20.322565138297826
W11011,lightgbm,global,8.427403924174033,10.52881506686314,5.21461452378778
W11011,random_forest,global,8.592411383583753,10.684033627556813,5.3985572471128
W11011,mlp,global,19.944526532630782,22.10361547525229,13.015863821592209
W11011,transformer,global,34.5976321489383,38.84881657867592,24.850543237769866
W11011,lstm,global,14.185420623891082,17.524499682590655,8.708449047234492
W11011,gru,global,18.76592843191964,22.826519906527132,12.212483689088504
W11042,lightgbm,global,4.683162487124001,5.407602474691799,6.194391707108694
W11042,random_forest,global,4.002347298814387,4.990486804525438,5.327466834206799
W11042,mlp,global,18.54685320172991,22.172641701796273,21.09023658741402
W11042,transformer,global,35.621715816735346,39.31073760191771,66.37630154905278
W11042,lstm,global,11.63887955103165,13.48315058369954,15.955053608618059
W11042,gru,global,27.114162906185612,30.047442216570392,44.86990751141024
W11043,lightgbm,global,5.62353424003787,6.747655782635128,7.717762981523244
W11043,random_forest,global,5.836095280364281,7.229057013612467,8.051033741003915
W11043,mlp,global,11.20308589725704,13.136199465293874,14.25030868440015
W11043,transformer,global,35.616249615456155,38.41700926707308,66.96039371065858
W11043,lstm,global,10.772916219522665,12.877737038850222,14.713902580309844
W11043,gru,global,19.147164168025988,21.63006876744906,30.220960472902743
W11044,lightgbm,global,4.2097176760865835,4.916088096687839,6.475306773873402
W11044,random_forest,global,5.207645544679993,5.9280103783435,7.877615852692519
W11044,mlp,global,17.676648441077152,19.47176519725501,23.945624207397962
W11044,transformer,global,24.304713031922507,26.44600251947889,55.22313595672013
W11044,lstm,global,12.130297314989697,13.440768123547917,16.852300482614844
W11044,gru,global,19.146459334935898,20.68961851727879,37.70942704875396
W11045,lightgbm,global,4.6364459493197945,5.449433252580727,5.671976037175744
W11045,random_forest,global,5.642075505822282,6.531673757899952,6.769660345563759
W11045,mlp,global,15.982584411844664,17.69831824885012,17.902969924464806
W11045,transformer,global,28.255662609281995,30.599173658978422,46.52858845194441
W11045,lstm,global,11.983058317415006,13.266932783032114,13.898926564317986
W11045,gru,global,18.768210364261392,21.074135815746374,23.90933016960838
W11046,lightgbm,global,5.626253578118813,6.468985891566364,8.137942103641219
W11046,random_forest,global,4.541859926159772,5.482612920848295,6.657911652936193
W11046,mlp,global,17.174626813616072,19.140411094248126,22.43783577776628
W11046,transformer,global,25.35386479975103,27.88054902504407,51.42916909176772
W11046,lstm,global,16.029425495972127,17.377352342546732,21.54613630963266
W11046,gru,global,20.590939409304887,23.11011434043659,29.539027274624015
W11049,lightgbm,global,6.671351084623623,8.420935359688798,8.098268677928365
W11049,random_forest,global,7.012973516489382,8.265383449868091,8.428765655423254
W11049,mlp,global,21.789327790536284,24.010595904015076,22.680562683268754
W11049,transformer,global,15.99683390746623,18.79298192460245,21.708341375889027
W11049,lstm,global,8.988626847599015,11.162840053384581,10.517403422196512
W11049,gru,global,14.387695983216002,17.398491459361118,16.756505210654584
W11050,lightgbm,global,4.780241768301516,5.240208126272455,27.798377339193827
W11050,random_forest,global,2.738703623287198,3.2826273023781867,17.104497618945892
W11050,mlp,global,35.94999530498798,36.39402558940296,107.48191440191037
W11050,transformer,global,18.300330707703754,21.34174962791168,111.80749806287717
W11050,lstm,global,10.60258292732658,12.854761956227497,65.22365043208643
W11050,gru,global,14.889764627868875,17.343734612800265,82.61736938067398
W11057,lightgbm,global,4.137125245141722,4.9134915603955225,5.857233454334707
W11057,random_forest,global,3.4762691043354934,4.078669871678185,4.911006349076553
W11057,mlp,global,9.455681903545672,11.393035511783896,12.607018526055105
W11057,transformer,global,48.58645207331731,50.190236030007824,111.60418817460652
W11057,lstm,global,17.30468027862437,18.902478937237095,28.91144562925008
W11057,gru,global,31.374133054852045,32.75647651111747,64.10595058737721
W12001,lightgbm,global,14.703285680175517,17.361278814118243,8.125429747092351
W12001,random_forest,global,15.86127647922404,19.061525249227536,8.899291443622952
W12001,mlp,global,19.856879466968575,23.98400401497252,10.7672150398801
W12001,transformer,global,31.61890415289463,37.176132950811876,18.842323377156212
W12001,lstm,global,20.04733122102507,24.04120977374866,11.203946975372968
W12001,gru,global,28.897403322995366,34.744268655752876,17.250205275496402
W12002,lightgbm,global,11.225851542885978,13.573872787405978,6.97767439469264
W12002,random_forest,global,11.973428779210058,14.763746748318805,7.514010596000444
W12002,mlp,global,17.36978482536344,20.605503705909378,10.370981879194543
W12002,transformer,global,35.214022927755835,41.394359640874015,23.894599703037983
W12002,lstm,global,18.721253045050652,22.440303514025363,11.294754146950217
W12002,gru,global,22.144873985877403,26.71117051025775,14.508338764610212
W12003,lightgbm,global,9.633805102213906,11.14702439828492,6.631584975980658
W12003,random_forest,global,10.509962283398385,12.659827946000519,7.3016833768218845
W12003,mlp,global,14.173212653638677,16.62499607376993,9.801307462936862
W12003,transformer,global,36.09416079119448,40.78209769644993,28.516113965864925
W12003,lstm,global,13.810873714908137,17.42016184475444,9.371861016500699
W12003,gru,global,16.722143733545103,20.04263850215794,11.47654635203082
W12004,lightgbm,global,10.159241442388264,11.505483373532218,7.287135967244471
W12004,random_forest,global,10.24900209077352,12.276843762860004,7.456549346335457
W12004,mlp,global,12.504462720710281,14.327497566955932,8.88088214177124
W12004,transformer,global,38.108557173620646,42.200871182003354,32.72608324950953
W12004,lstm,global,25.247770070505666,30.249392879317774,16.82710210349227
W12004,gru,global,28.048050206222815,34.10928154694472,22.220173988628336
W12005,lightgbm,global,10.613574644044181,12.05522380957691,8.212726837623922
W12005,random_forest,global,10.577333442671414,12.78625726777108,8.44310344230038
W12005,mlp,global,11.66325947408711,14.243017862654813,8.866277984456662
W12005,transformer,global,35.763220751416554,39.47652790243049,31.97691525694963
W12005,lstm,global,20.279275389730714,25.235525862063803,15.158450840820587
W12005,gru,global,24.106350741543615,29.670327325198475,20.598414884058126
W13001,lightgbm,global,8.112949562639283,9.450069615388845,44.997592822068
W13001,random_forest,global,7.1042739262152566,8.893763115982633,39.24883071571711
W13001,mlp,global,29.331342938880784,30.67529426661104,98.85894450039243
W13001,transformer,global,20.622948190318795,23.902188157406904,134.67073271158768
W13001,lstm,global,11.917680096189619,14.437035743329346,60.11904430609908
W13001,gru,global,26.115800906450318,30.7106805210801,149.59842560547466
W13002,lightgbm,global,5.864076106075876,6.977679606677516,30.005559586651806
W13002,random_forest,global,4.932180995162894,6.399179293459561,25.440948086937844
W13002,mlp,global,27.550199716868416,28.32483094745142,87.72007285386397
W13002,transformer,global,40.55579371190333,43.191602937380985,188.4910865278356
W13002,lstm,global,8.543026453933436,10.915693909721075,52.773265917574705
W13002,gru,global,19.996526227678572,23.314424511763892,99.11992548532544
W13003,lightgbm,global,5.550560328462,6.317161758190087,39.40164753752757
W13003,random_forest,global,4.5917679707410946,5.803207231058411,32.703249773742314
W13003,mlp,global,15.999770078554258,16.810935785673998,80.78984758108048
W13003,transformer,global,31.982276284913002,34.20054512549009,191.07679926483996
W13003,lstm,global,13.785723675738325,15.98643469760062,68.1677491386971
W13003,gru,global,21.963457201164722,24.610654979038166,137.49741671221372
W13004,lightgbm,global,11.635071987288594,14.46873027157351,34.364784418434894
W13004,random_forest,global,12.497020495516654,16.761036434404872,35.2221867581628
W13004,mlp,global,23.667338791173016,26.330078511543558,59.503441685379315
W13004,transformer,global,33.850128173828125,38.117603565742534,138.65487451263348
W13004,lstm,global,20.20490072061727,24.152796229812857,59.23363029910227
W13004,gru,global,38.16099567343464,43.68451297485366,150.93411105734103
W13005,lightgbm,global,6.443566520506091,7.246270234825292,33.30413267537586
W13005,random_forest,global,5.044939134088879,6.228763318831159,26.536960727167905
W13005,mlp,global,20.98775136200063,22.548976338842117,75.71520558774016
W13005,transformer,global,31.645093444153503,34.16466588993736,186.46984188465345
W13005,lstm,global,7.652454105139652,9.411898176350757,49.66856434809447
W13005,gru,global,13.430147544106285,17.069816220378954,58.102127166374395
W13006,lightgbm,global,6.951131624627361,7.710918498802736,37.1434877622751
W13006,random_forest,global,5.265300654539117,6.302684594687256,29.14921117946732
W13006,mlp,global,26.209851521362747,26.924399749721818,89.51396966122168
W13006,transformer,global,31.398135029439963,33.7297520168805,168.74719952802872
W13006,lstm,global,9.990719705099588,12.15222069009912,54.265931748926256
W13006,gru,global,21.82583573449662,25.13965426951554,137.86261265061012
W13007,lightgbm,global,6.001961074723606,7.320168627110678,22.814225156771492
W13007,random_forest,global,5.879054273476221,7.579932317257713,21.644460299330778
W13007,mlp,global,19.435340875758357,21.19498446426287,56.939422261900475
W13007,transformer,global,31.204097739418785,33.81416024532513,154.7386931954392
W13007,lstm,global,16.530342677748685,19.464492527422912,86.149000321725
W13007,gru,global,13.582421561999197,16.30480105644672,65.9001294321411
W13008,lightgbm,global,7.184644101104769,9.001775108833419,28.061292406622737
W13008,random_forest,global,6.82744647528894,9.587401216208471,25.513408227439008
W13008,mlp,global,28.340305873325896,29.936929689686743,77.51423244207477
W13008,transformer,global,22.58724917457217,25.3860553545911,121.32814605106826
W13008,lstm,global,10.031668437356913,13.75527028173708,44.12385018870479
W13008,gru,global,22.533753402765853,26.15285164616597,97.66131697378601
W13009,lightgbm,global,11.292509841219267,13.041698080125581,44.17492202356815
W13009,random_forest,global,10.731070931938117,13.58635305884216,40.03680004560279
W13009,mlp,global,27.240320316077153,29.346275181746694,80.14188874042827
W13009,transformer,global,20.980601462339745,25.263905709308254,119.88396543463091
W13009,lstm,global,17.144921159569595,21.165568107427926,62.560806454621876
W13009,gru,global,17.114703771570227,20.898360662958492,83.65556433501365
W13010,lightgbm,global,9.555045851417688,11.049049138860976,41.431030624782636
W13010,random_forest,global,8.496446805720417,10.763552585497864,36.1049097709406
W13010,mlp,global,19.84115028241615,21.747364520837916,69.51030342782225
W13010,transformer,global,21.415557123540523,24.905577396495534,131.40914996216188
W13010,lstm,global,22.417946907015512,26.207673521790696,119.23930517887376
W13010,gru,global,19.69831270210909,24.171096642866853,82.66241019017261
W13011,lightgbm,global,7.00449452689553,8.203017786913344,33.138029911141146
W13011,random_forest,global,6.009712015805129,7.773211220714924,28.245137664208983
W13011,mlp,global,29.529993011139254,30.48048023593905,89.14054760849955
W13011,transformer,global,39.17648722330729,42.21450089586945,184.5380018851688
W13011,lstm,global,15.822246934380724,19.305569033446783,95.31361938113704
W13011,gru,global,15.027683221726189,18.50501884864128,94.60205800566567
W13012,lightgbm,global,9.075668314372617,11.93269461756337,26.365045187165435
W13012,random_forest,global,9.263092260449858,13.339876994004063,25.694548259225638
W13012,mlp,global,39.55011268028846,41.1621572020956,78.89553827762913
W13012,transformer,global,35.05370847820799,40.598882627222544,138.5435844590507
W13012,lstm,global,17.71086600167411,20.62281018725644,45.33493593640819
W13012,gru,global,24.86564456255008,34.13943363830444,88.13244839651465
W13013,lightgbm,global,5.018915346414271,5.923228298592789,28.011002484699976
W13013,random_forest,global,3.8242716444213043,4.965467850313199,21.654238406407774
W13013,mlp,global,22.269036865234376,22.798234060337073,81.66961735866818
W13013,transformer,global,23.89919961223672,26.144569528414916,138.68006041485518
W13013,lstm,global,11.05906984657595,13.836862170024972,85.89284624055676
W13013,gru,global,24.06560845567193,27.153094481021263,124.34270000279696
W13015,lightgbm,global,5.337811069870531,6.093685331064103,34.14378561259203
W13015,random_forest,global,4.505010827535326,5.551772506070459,28.884304597586606
W13015,mlp,global,20.891118356334424,21.759039664500712,86.21717701411809
W13015,transformer,global,19.322705793555404,22.65780030169605,150.2400626985193
W13015,lstm,global,11.569512693523924,13.27301842981727,59.537730493194736
W13015,gru,global,11.83508996090173,14.380426285445054,76.01428335497576
W13018,lightgbm,global,26.245379070317796,32.57858580053768,32.7830281399372
W13018,random_forest,global,27.660065102179544,36.329871922849335,33.97605914202476
W13018,mlp,global,36.16584653749571,42.89134927387964,43.80843402379715
W13018,transformer,global,49.43016415550595,62.022868060112344,78.04258477388593
W13018,lstm,global,39.35391865824605,45.083691476119384,46.619475792103216
W13018,gru,global,37.303924538189676,46.82924318594128,47.81625086693951
W13019,lightgbm,global,18.227356623095822,22.484142080511127,29.517184791410063
W13019,random_forest,global,21.442302518144295,27.278915816953123,33.948025089491864
W13019,mlp,global,29.62797326168298,33.57045549815049,45.11243017311718
W13019,transformer,global,45.98404248136304,52.78859850881994,88.57576844016923
W13019,lstm,global,31.073542176410825,37.90571614112137,49.75978989446221
W13019,gru,global,30.021656413654703,36.90736794543918,50.281115880350214
W13020,lightgbm,global,8.436634151124258,10.048158763964583,19.230561443237626
W13020,random_forest,global,9.100312725421933,11.37093895479532,20.182530761781585
W13020,mlp,global,17.557945212339746,19.14506314795442,35.9265972120636
W13020,transformer,global,37.19215997828669,41.101361876635245,133.26342887523637
W13020,lstm,global,15.512973503140739,19.02165951483834,32.89355340507335
W13020,gru,global,17.502434810875975,20.57290631224432,52.872138640158276
W13021,lightgbm,global,10.67967857447009,13.122127848255747,22.523796613957963
W13021,random_forest,global,9.178093911363012,12.659978258315245,19.351254346873645
W13021,mlp,global,23.893065511962,25.568776642076745,44.848829066551005
W13021,transformer,global,39.297555977957586,43.13826539933003,139.76363052738938
W13021,lstm,global,17.945236597305687,23.211234806851852,42.50072542356618
W13021,gru,global,19.15212189950349,24.14325690600355,60.784534459188606
W13022,lightgbm,global,17.784116304072846,21.376056901399306,31.07496841090719
W13022,random_forest,global,18.22764439806472,22.67753928554963,31.996837306419593
W13022,mlp,global,25.378196856041097,29.890884116543766,42.12382045508111
W13022,transformer,global,35.070801697895206,41.6548562806963,76.19287232624853
W13022,lstm,global,24.999840168376544,30.171990595964623,43.69701753699938
W13022,gru,global,26.38408981155563,32.63380132343182,53.146078460382554
W13024,lightgbm,global,9.397156738717618,11.7473137603294,11.782891807196092
W13024,random_forest,global,12.387208512461864,15.144978494122691,16.21008620927302
W13024,mlp,global,13.46773864969666,16.277044957793827,16.922335683998185
W13024,transformer,global,41.32470027937557,44.73768433783882,71.88712550898809
W13024,lstm,global,16.682602968320744,19.185004878651544,23.347580425324644
W13024,gru,global,12.479743706001027,15.395729053730985,15.396744227349762
W13025,lightgbm,global,4.329703876578146,4.4599898524703425,115.96474144219209
W13025,random_forest,global,0.9628378665282102,1.1125763159380395,52.330524971804586
W13025,mlp,global,27.46649632715917,27.845549203875304,178.5485795195252
W13025,transformer,global,22.20657451475933,24.587324053781977,183.02150871944897
W13025,lstm,global,12.75629446847098,14.454601010319399,173.76197065892256
W13025,gru,global,12.73046369727278,13.929078608339259,166.66594012154474
W13026,lightgbm,global,4.532264125360075,4.5753383986664975,146.87186004669627
W13026,random_forest,global,1.3053809986491018,1.3976080328268035,96.24711115681967
W13026,mlp,global,33.37467311537746,33.6091365833643,189.84483262595887
W13026,transformer,global,27.064525115184296,29.98440809875232,194.91786454580756
W13026,lstm,global,10.486451156672105,11.840483654328375,169.6958524627055
W13026,gru,global,21.470688749320338,23.30828864738735,188.85621962683075
W14001,lightgbm,global,6.760667587079911,8.171712417013621,19.267107139457156
W14001,random_forest,global,6.410052319625597,8.563140062701937,17.451063147936424
W14001,mlp,global,28.91728958297562,30.068196964411158,61.41271263480475
W14001,transformer,global,22.719953510438128,26.36348001092158,100.50402327561507
W14001,lstm,global,21.329203824333216,23.322539270838192,48.29483690147472
W14001,gru,global,16.865511492495134,20.519174912020723,69.30743881165199
W14002,lightgbm,global,7.336596298146853,8.759381437056241,16.871306869049775
W14002,random_forest,global,7.628418791497983,9.851903504186206,16.84074109283678
W14002,mlp,global,23.844828310117617,25.31902011633981,45.70539911765183
W14002,transformer,global,28.90984568613353,32.632472485794,93.63013205374838
W14002,lstm,global,18.09853754847041,21.679880612863208,36.89254521956805
W14002,gru,global,29.778789299486323,33.757417166123105,86.66210531229633
W14003,lightgbm,global,8.25098387045376,9.925789172873818,15.705743355753876
W14003,random_forest,global,6.862647081150906,9.056135128052409,13.124660946860569
W14003,mlp,global,29.507845342726938,31.324872935227,45.87694239744439
W14003,transformer,global,24.821760978279535,29.084017268355876,67.62303866008199
W14003,lstm,global,21.411406799987123,24.92046321458694,35.30347828592637
W14003,gru,global,18.373395066034227,21.246643841897445,45.01873300697674
W14024,lightgbm,global,14.309734037795872,16.097832631231956,29.569870765514054
W14024,random_forest,global,11.77053072846098,14.338910285229687,25.005544356665773
W14024,mlp,global,19.12345413375687,23.50053835191145,37.385870501482735
W14024,transformer,global,33.08893870818309,38.05842882648556,96.34685509702061
W14024,lstm,global,24.194261733952896,28.915019885467558,42.79053197111891
W14024,gru,global,16.728924918262074,20.766371099173938,35.634647978682196
W14025,lightgbm,global,14.433854972691183,16.644154690494098,38.82879302974529
W14025,random_forest,global,12.720631091522186,15.415599226812045,34.83541854247143
W14025,mlp,global,35.56957140353136,39.178021864869685,71.1119880769173
W14025,transformer,global,22.430080740792413,26.27533791832887,84.14656589966356
W14025,lstm,global,29.370933538304143,32.95033623126302,62.23005014205186
W14025,gru,global,19.284802402594153,23.61626560583523,59.17599146859715
W16001,lightgbm,global,4.766677885423035,4.795572273823197,53.489830543351125
W16001,random_forest,global,1.4536170516919946,1.5558927084931888,20.03800792270372
W16001,mlp,global,35.909885897793615,36.15349091812611,146.3029652026713
W16001,transformer,global,30.051596916673823,31.782256862073307,196.85251484660458
W16001,lstm,global,16.349518443795787,17.899497016573772,117.33876507160494
W16001,gru,global,11.894637437757556,13.864511282512206,139.16798995154596
W16002,lightgbm,global,4.652558277714133,4.692827225781594,51.84222976534486
W16002,random_forest,global,1.4077648945655816,1.5207706579765137,19.24760409350268
W16002,mlp,global,26.887909047332876,27.569164492981752,132.23221210151746
W16002,transformer,global,31.0612455643315,33.33155133154085,194.03106647430462
W16002,lstm,global,10.670999809516655,12.971299368264576,102.6501219077325
W16002,gru,global,21.212911189152646,24.257502927375732,162.61017352803037
W16003,lightgbm,global,7.547617968179267,7.607269715879788,38.04240474197618
W16003,random_forest,global,4.36336171177422,4.5920445557424845,23.671923165493922
W16003,mlp,global,16.580178160056086,16.931524786144383,68.31089190244434
W16003,transformer,global,24.854568908467837,26.799351819427763,157.5958964061882
W16003,lstm,global,7.037238009386447,8.73197388638591,47.88415173398278
W16003,gru,global,10.225795066749658,12.544135409922768,89.42665326230527
W16004,lightgbm,global,26.092990150804248,29.129764074282512,11.728777494368124
W16004,random_forest,global,30.944674128915164,34.13510412893727,13.492183465759812
W16004,mlp,global,27.09088588616787,31.155182184401685,12.624026502632688
W16004,transformer,global,44.262777721139535,49.23653112319481,20.094788207969465
W16004,lstm,global,35.292194162445625,39.99088229892952,15.334852960420909
W16004,gru,global,42.63433714926025,47.57000484782532,18.33395258636276
W16005,lightgbm,global,4.713336561412017,4.7745967127587825,48.472040804722425
W16005,random_forest,global,1.2699476103478307,1.5676649748211646,15.967911287029164
W16005,mlp,global,24.393063515016888,25.194217561486557,122.59300207635184
W16005,transformer,global,36.329730897113954,38.49471003373808,195.1281996523937
W16005,lstm,global,15.489443571321257,17.31119555496307,102.15758722873386
W16005,gru,global,26.84441018397293,29.5593670567561,158.97026029699606
W16006,lightgbm,global,84.05082214945006,95.62186901336267,16.36612375290506
W16006,random_forest,global,111.12347823463524,121.26326678216178,20.233437330363284
W16006,mlp,global,55.010949975317644,61.175097292199624,11.49833949386076
W16006,transformer,global,85.74455872699892,91.82129087198243,16.93520050759768
W16006,lstm,global,60.4405509305961,66.51899094771488,12.20055297987346
W16006,gru,global,70.80666530734891,78.32727857302416,14.531461475043727
W16007,lightgbm,global,7.574671688939134,7.6381582360235685,37.7407418183825
W16007,random_forest,global,4.816031382119043,4.992772682305724,25.35082520354199
W16007,mlp,global,17.178545394059068,17.839378424354784,68.30498607763631
W16007,transformer,global,29.841519561655794,32.04088334261711,159.69740532216142
W16007,lstm,global,11.426253961695858,12.960969322594153,62.760954184510105
W16007,gru,global,6.9997663574218745,8.58205340398506,55.06901299320076
W16016,lightgbm,global,3.914542410427745,3.9170144377596445,30.948265035792225
W16016,random_forest,global,0.33574382756068466,0.3357438275606846,3.1053096010440315
W16016,mlp,global,33.26936383928572,33.600012407425346,121.30792973223433
W16016,transformer,global,23.84100916376918,25.70579578461932,162.6018693771626
W16016,lstm,global,15.188792241693852,17.334394500734376,124.86281635707651
W16016,gru,global,17.559188272664834,18.85053754900821,140.11245730641878
W16017,lightgbm,global,4.327420747590568,4.41589276359849,33.753584951079475
W16017,random_forest,global,1.3021686200613685,1.5758572248468945,11.541288707544052
W16017,mlp,global,26.80561183965774,27.627788081231568,109.9373361231786
W16017,transformer,global,18.869141379779077,22.393500482956448,159.94921650424925
W16017,lstm,global,10.069892523573433,11.993271294600598,84.36110649380153
W16017,gru,global,22.42425280001574,24.659624363859866,158.6806604053669
W16023,lightgbm,global,9.188248952521517,10.734041810287305,14.320770229570432
W16023,random_forest,global,8.9124134577658,10.316198229300799,13.796086237766175
W16023,mlp,global,16.161152851705587,18.983588141679114,20.98829866156159
W16023,transformer,global,40.56389646827782,43.079762933790235,90.39982362088242
W16023,lstm,global,9.76231319843893,11.503351164889214,14.948505588363258
W16023,gru,global,16.437632757054146,18.56627341572324,27.527683626875195
W16024,lightgbm,global,8.498550536409358,9.969843998321007,13.192631901400691
W16024,random_forest,global,8.361040228829017,9.67124048010862,12.97336630446417
W16024,mlp,global,14.946531748118417,16.696845101858337,19.76524404175155
W16024,transformer,global,39.37729243754293,44.078615304096004,89.03686083919237
W16024,lstm,global,13.397414848579155,15.871610035182446,21.117107435408297
W16024,gru,global,18.249924207303117,20.67393175200784,29.600021411381086
W16025,lightgbm,global,8.94401838114063,10.485083283032386,13.864023996163837
W16025,random_forest,global,8.667886824943043,10.005891883461725,13.40156626582575
W16025,mlp,global,9.37552579842033,11.01950219218125,13.25016926154306
W16025,transformer,global,38.62253908754006,40.99454545012681,82.70345945035069
W16025,lstm,global,14.622877335880265,17.487778824974527,22.618398144997748
W16025,gru,global,25.18809824737437,28.953085153932363,38.01775283469196
W16026,lightgbm,global,8.837421065454025,10.397171732981633,13.142951151228399
W16026,random_forest,global,9.678905183714486,10.95416157404662,14.567906659066699
W16026,mlp,global,8.966971924722412,10.958427397509338,12.58838602247692
W16026,transformer,global,46.98963467351333,49.356273042000566,100.82390363976415
W16026,lstm,global,18.919558318309292,20.30080265085797,32.48638958007217
W16026,gru,global,15.369095146877859,18.14147481901359,22.96437725772924
W16027,lightgbm,global,9.472227007441177,11.119310818885157,14.276746178200643
W16027,random_forest,global,9.853538500220031,11.220853635468236,14.899982445772443
W16027,mlp,global,11.409249030591804,12.956126724617713,15.195144815692373
W16027,transformer,global,33.08567248490442,35.366923712995984,64.96160745552507
W16027,lstm,global,16.852021316248855,19.778565559703257,27.400960979125376
W16027,gru,global,27.561185427040407,30.298400246099032,50.3892954232591
W16028,lightgbm,global,9.427980595803627,10.928907461939072,14.123664381562032
W16028,random_forest,global,9.815283754832219,11.169114722149962,14.795592178596085
W16028,mlp,global,18.595236383570857,20.85277467452078,22.986090069622634
W16028,transformer,global,33.68058012462798,38.059181362884274,69.35612965917237
W16028,lstm,global,19.83908821793441,23.270791688953437,30.671526383714603
W16028,gru,global,18.254124856019633,20.858693120339506,28.87350834353905
W16029,lightgbm,global,6.624872099662177,7.589935809209209,12.429136594693867
W16029,random_forest,global,5.1862034966683535,5.907843675581558,9.455872424566826
W16029,mlp,global,5.597723524603651,6.940539202619402,10.081907741844656
W16029,transformer,global,31.697664576715603,33.96593620034289,84.13944712652184
W16029,lstm,global,18.277927370399784,20.94338016425212,38.37929008839636
W16029,gru,global,13.335789554358403,15.344013246960262,27.40756190087135
W16030,lightgbm,global,9.684908543921939,11.004420757168017,12.62746094666409
W16030,random_forest,global,14.92807785840306,16.19705479988153,21.155880368364844
W16030,mlp,global,9.12247978819683,10.921003642123075,10.897740312898245
W16030,transformer,global,29.90687277054001,33.11324202376514,47.190570870348914
W16030,lstm,global,23.992159337976474,25.78635135855212,36.01209584226727
W16030,gru,global,16.001762416294646,18.47124239720158,19.494661998579232
W16031,lightgbm,global,4.24409904503609,4.25739009675509,92.72879016768698
W16031,random_forest,global,0.541907894250596,0.6297556160756349,21.274070343595017
W16031,mlp,global,33.44213224641569,33.64778212069523,174.21002954500176
W16031,transformer,global,27.140987106155563,30.06037049139288,187.45758416095686
W16031,lstm,global,17.49924170637306,19.065107147979262,153.98629048879613
W16031,gru,global,16.677081119970524,19.156052422222583,165.95415830751153
W16033,lightgbm,global,9.209125475659704,10.801482237079824,13.214285281557784
W16033,random_forest,global,11.591993748036417,12.892403724885876,17.3469205231636
W16033,mlp,global,14.33113825960823,17.398756741190724,17.67163461110672
W16033,transformer,global,38.5324467138493,41.250734303233806,76.93111773681733
W16033,lstm,global,15.379482786744507,17.99246953918875,21.635102091296403
W16033,gru,global,21.739425516540752,25.23119194499718,30.813961205149848
W16034,lightgbm,global,6.943568413190702,7.908789545115722,12.636009034418695
W16034,random_forest,global,5.372258490325796,6.465759976418011,9.534846325536614
W16034,mlp,global,23.142390954097984,24.035847243755892,32.90999666195642
W16034,transformer,global,30.803722374549277,33.92260367153192,80.42295201511617
W16034,lstm,global,11.16625832760989,13.009551769488382,20.958607709305223
W16034,gru,global,14.90639309412918,17.81940886659215,29.64106394999073
W16035,lightgbm,global,4.234264623717641,4.317485142673947,35.53274155419179
W16035,random_forest,global,1.1436973535634687,1.3792506154463775,10.951944241770274
W16035,mlp,global,25.1483150049007,25.591582608815745,111.61725485213472
W16035,transformer,global,29.494235567085905,33.0521175026707,167.49638441594138
W16035,lstm,global,17.348594465430402,20.628094855210904,108.40661525213577
W16035,gru,global,16.2567292534126,18.905017743988118,130.1630975680182
W16036,lightgbm,global,7.820484079285653,9.1060511052121,12.152078269329039
W16036,random_forest,global,7.683158775343893,9.020521106304711,11.96347860331311
W16036,mlp,global,8.46359104477879,10.088730982293766,12.35153931355173
W16036,transformer,global,37.08380459181119,40.17039281174227,81.9566413327721
W16036,lstm,global,12.210734129070797,14.878621665955981,18.90085872956788
W16036,gru,global,18.347600420494217,20.689450900505157,31.92015764490616
W16037,lightgbm,global,3.9441493997844277,3.9733653822875836,50.14540735885896
W16037,random_forest,global,0.964975067502478,1.0358221124551608,14.541728381467802
W16037,mlp,global,32.3777890401428,32.75348964785404,146.08103837096962
W16037,transformer,global,28.488812867552372,31.336228525511945,179.19897788830005
W16037,lstm,global,17.56390260309352,18.6203206276184,112.29532230799335
W16037,gru,global,17.366561111170732,19.98523375463921,146.34104521204856
W16038,lightgbm,global,4.458727164903578,4.493847400439103,47.711856262769665
W16038,random_forest,global,1.127337948427488,1.2690984766012154,14.762221126570086
W16038,mlp,global,37.39426572158311,37.772876703293726,144.4889539915307
W16038,transformer,global,29.85120312142285,31.68996615244692,165.59291673926083
W16038,lstm,global,8.636711230826467,9.704179837502569,97.53440743014336
W16038,gru,global,8.11995261883299,9.767512746035822,99.29389508273505
W16039,lightgbm,global,3.541257437374816,3.6311342086434535,32.5549164627143
W16039,random_forest,global,0.6759935936759403,0.8067820735822071,7.343826389814571
W16039,mlp,global,31.123575098729397,31.336058476178984,125.74133088712347
W16039,transformer,global,26.379310412731805,28.405064268165127,184.2233949750357
W16039,lstm,global,14.62597463709793,15.821910201459247,84.99614139064532
W16039,gru,global,11.677522006639196,14.059785327876574,101.56835191651263
W16040,lightgbm,global,3.9668622565126745,4.064370221150628,30.65600838279305
W16040,random_forest,global,1.2675517322387262,1.5604523899293266,10.909653962980267
W16040,mlp,global,38.044172438401446,38.18478190384765,126.65023489161516
W16040,transformer,global,24.74681846132383,28.42891842919467,137.00291490175275
W16040,lstm,global,9.660191596733345,10.940196983887983,74.77175428157382
W16040,gru,global,10.602177975832761,12.832654088280941,103.74563906272803
W16042,lightgbm,global,3.9043634920280055,3.9779851233649532,42.189713297576155
W16042,random_forest,global,1.0579633314758614,1.208593262631113,13.891817676714515
W16042,mlp,global,22.18523900741186,22.44604622270867,120.15731277587763
W16042,transformer,global,28.57886983906393,30.94658807902463,192.4617528584095
W16042,lstm,global,13.590214007590717,16.4469616838304,120.60413868038988
W16042,gru,global,12.10647616096469,13.541028496251371,114.78280317310183
W16044,lightgbm,global,900.7433745828679,953.3230783587021,14.561456979274933
W16044,random_forest,global,919.8423835500286,966.6078842502917,14.683541359773594
W16044,mlp,global,305.68632061298075,347.48068909183,5.393549942167207
W16044,transformer,global,695.2963334191849,750.3875563047759,11.425247812490136
W16044,lstm,global,471.8330392914378,533.9062564056119,7.890271828937569
W16044,gru,global,468.8522375085851,517.4461531855037,7.860464719518373
W16045,lightgbm,global,4.01462707583986,4.112056072221639,32.10457875755565
W16045,random_forest,global,1.1430834027864523,1.3849770472023342,10.382198127987095
W16045,mlp,global,31.62896415961968,32.357858783943456,118.98964177218379
W16045,transformer,global,31.72600564027444,34.32830128769262,178.66588355455488
W16045,lstm,global,16.04426210955386,17.69206420483042,80.70858794978628
W16045,gru,global,14.039687186999197,16.86390110459991,126.8555277111337
W17012,lightgbm,global,7.313155499191561,7.3852206813601695,33.42849363108131
W17012,random_forest,global,4.453705544840416,4.632298335847672,21.687285319632117
W17012,mlp,global,29.04919604402759,29.49199054010777,88.44283577612639
W17012,transformer,global,32.38609665643601,34.56160076030314,183.6085223989254
W17012,lstm,global,16.490992364569024,18.484162274094537,92.86908485003741
W17012,gru,global,22.6002728562128,24.038295194171887,109.02934876508812
W17013,lightgbm,global,7.53687954448898,7.584949039518823,35.97425302703063
W17013,random_forest,global,4.6443362956792,4.782478556149124,23.676057188176713
W17013,mlp,global,15.854186421488668,16.59320512080417,62.49030342868442
W17013,transformer,global,29.342851294213595,31.784615908780058,155.13451038117518
W17013,lstm,global,16.799045839414493,19.691500239590603,94.58368639309376
W17013,gru,global,24.428291328625797,26.564885054996488,93.29571518119269
W18019,lightgbm,global,3.5922036749498965,3.603898059888942,34.54827116037945
W18019,random_forest,global,0.26887959163107267,0.3011269708994469,3.1122091527079974
W18019,mlp,global,20.30898712940705,20.771307161931393,107.14647848541611
W18019,transformer,global,22.415104591453463,25.072264694134283,171.7444589541726
W18019,lstm,global,22.80645542242588,23.908896812597355,102.67969261128383
W18019,gru,global,14.815963474595065,17.109591230638312,148.41919657751774
W18020,lightgbm,global,5.19259868432101,5.652059048573252,13.587191098203268
W18020,random_forest,global,4.296208822189994,4.954663859074709,11.245670048867924
W18020,mlp,global,26.83492013560983,27.673151525727615,53.642241059922284
W18020,transformer,global,21.488908593034573,25.12775632189649,89.74856082536016
W18020,lstm,global,22.25114292242588,25.592387405086164,81.24530284623032
W18020,gru,global,16.81433362576551,19.23426771887818,59.675554942684315
W18021,lightgbm,global,5.297352610829432,5.826858674457185,14.39540952826211
W18021,random_forest,global,4.264004678361593,5.016396334107577,11.514283174674702
W18021,mlp,global,20.62229916080014,21.39970951192661,45.698263528649065
W18021,transformer,global,27.658875294220753,31.131924065904958,115.32094851504553
W18021,lstm,global,12.421097260080415,14.32696614538644,40.75404369232033
W18021,gru,global,17.177610918541095,20.174952116026923,66.88301707671262
W18022,lightgbm,global,6.495649215560381,7.670091161912955,14.14413214013094
W18022,random_forest,global,6.702115693859109,8.188951590677048,14.585735857536614
W18022,mlp,global,8.561579822358631,9.967582482891375,18.995586663829712
W18022,transformer,global,23.490316001137536,26.067814200111467,79.12405484570414
W18022,lstm,global,16.047749971382782,18.022564492521123,31.22700562270837
W18022,gru,global,14.791086318466691,17.7512860495585,37.63981216130005
W18024,lightgbm,global,4.40345279260993,4.796360840108262,10.586538208083322
W18024,random_forest,global,3.388830549346899,4.128326559803922,8.085055355040396
W18024,mlp,global,24.929010412195225,25.97717607261948,47.08669880856412
W18024,transformer,global,20.974371919177827,23.134238296964746,75.9530184563333
W18024,lstm,global,8.46361329913576,10.367011200654463,21.07659734777594
W18024,gru,global,15.90674811841804,18.91846361861625,53.698390261151374
W18025,lightgbm,global,5.153157781225911,5.598112948629274,13.307185654356843
W18025,random_forest,global,4.277588143286751,4.882115572148561,11.074559071380017
W18025,mlp,global,7.750858985984718,9.860137129220444,19.164394602536337
W18025,transformer,global,19.27169848990528,21.72972851562755,76.82698279386612
W18025,lstm,global,15.306751226068855,18.393899471708092,39.180664964138344
W18025,gru,global,13.383041594229336,15.970566443000418,47.00831381785507
W18026,lightgbm,global,4.551482014182554,5.053364665004921,8.399646812804686
W18026,random_forest,global,3.8325106880556006,5.159635700209638,7.048715789183257
W18026,mlp,global,6.856607389680631,7.971858487671405,12.345144451465403
W18026,transformer,global,22.610429175072976,24.759562226176318,62.151236400713174
W18026,lstm,global,10.454458391462053,12.213614563023034,18.293279727358215
W18026,gru,global,13.288195367051568,15.582591568688025,27.689022395741734
W18027,lightgbm,global,48.5522933963033,60.05870563516756,6.6951492752910555
W18027,random_forest,global,66.67205550977687,78.6132550868102,8.989142838498253
W18027,mlp,global,84.55146430717721,102.52495361755942,12.409582085713017
W18027,transformer,global,81.10994224688072,95.8974534796283,11.733359917466323
W18027,lstm,global,60.057049582904085,72.4842578564057,8.438967808622868
W18027,gru,global,66.23098059573888,78.60844836501036,9.290500415977144
W18028,lightgbm,global,48.00205899855068,60.243163028910274,6.6177825745575545
W18028,random_forest,global,56.12049055578416,70.30056189298047,7.579076813182917
W18028,mlp,global,85.71570257948432,105.96091485870195,12.46477505064891
W18028,transformer,global,74.554540568481,89.32244354359128,10.515355934899212
W18028,lstm,global,63.796454952924684,76.15314051995378,8.941344069678923
W18028,gru,global,61.006540554172396,73.6162179256394,8.427634661807307
W18029,lightgbm,global,42.25385145049289,55.242976769326745,5.70491065641362
W18029,random_forest,global,45.46500351413424,62.75779128673638,6.064683521070736
W18029,mlp,global,74.30069615849645,94.47190128340279,10.710938825886409
W18029,transformer,global,59.19781856327266,75.7032217077015,8.193679098032268
W18029,lstm,global,52.5080556121938,66.45588856812321,7.28017679274095
W18029,gru,global,54.60271613152472,71.24192016294856,7.414931510854251
W18031,lightgbm,global,4.854401474237788,4.890882576841496,10.38109667065144
W18031,random_forest,global,3.0171688110314268,3.1389332802169494,6.554268890083742
W18031,mlp,global,4.716617567572402,5.919231421428062,9.93231610201839
W18031,transformer,global,15.906399522271348,18.745571938750185,47.60889785955146
W18031,lstm,global,9.52382481881725,10.811425344060387,18.95803915418265
W18031,gru,global,12.195849542303401,14.188650966079607,32.85638695457636
W18032,lightgbm,global,33.53647594980019,41.81785357339814,5.548045014958953
W18032,random_forest,global,45.81475193607232,58.02635960234388,7.3657076339978005
W18032,mlp,global,43.104510811047675,57.380823385703366,7.356201266810658
W18032,transformer,global,47.08040474133614,56.557327849512944,7.873632649361168
W18032,lstm,global,39.40505603608631,47.9925038231241,6.680511920820355
W18032,gru,global,42.60557501377203,53.54957656735176,7.221812286162861
W18033,lightgbm,global,32.24228255388738,40.3904025383135,5.363072703751594
W18033,random_forest,global,43.2138922934996,57.39042693798202,6.988225974581231
W18033,mlp,global,51.34034045991443,65.70408997873378,8.764916200705981
W18033,transformer,global,51.05858196775555,62.47252699726183,8.69031789433668
W18033,lstm,global,44.30304227835966,51.53583547553558,7.433979993372015
W18033,gru,global,48.78497001452324,62.65173830959859,8.206239011844904
W18034,lightgbm,global,33.46448140790666,42.77320655856115,5.566582538678396
W18034,random_forest,global,46.71051686722518,61.45971486525544,7.508631370321844
W18034,mlp,global,56.5621840927627,73.65279383998674,9.61668432738474
W18034,transformer,global,51.040853512942135,62.368194173612025,8.493826310728988
W18034,lstm,global,43.24737674028446,54.76725561013194,7.125846669938655
W18034,gru,global,49.30975905198317,63.838079391258454,8.226212311772985
W18035,lightgbm,global,32.7214841174043,41.29951633354837,5.464884328469339
W18035,random_forest,global,43.72902832327356,56.160297072575204,7.05824231461327
W18035,mlp,global,55.45262243249914,70.51490938912497,9.656393428485798
W18035,transformer,global,66.55999038193252,78.32708639203366,11.495320651132493
W18035,lstm,global,45.565759970416956,54.535374036788404,7.652892246486576
W18035,gru,global,43.35513978615785,54.81663507959522,7.31723158854644
W18036,lightgbm,global,390.4375859194648,487.03636968013507,8.91613473862308
W18036,random_forest,global,524.5810079258264,674.8577689506499,11.200711235070866
W18036,mlp,global,549.111893493876,649.5131187324334,13.128466293104612
W18036,transformer,global,483.2832603594322,606.6042252746518,10.463363650996746
W18036,lstm,global,405.9103546030792,510.42791949796117,8.995475612780393
W18036,gru,global,371.89458902100506,476.3757539645691,8.227213740972145
W18037,lightgbm,global,4.671358898003442,5.270767251664461,12.95656682673147
W18037,random_forest,global,2.735670770838332,3.446379503827797,7.726224455913844
W18037,mlp,global,23.15909801933093,23.728784639509854,50.723256913475346
W18037,transformer,global,22.482385083991524,25.395836902628332,95.85376396662693
W18037,lstm,global,11.874935199891254,14.0127947497565,29.874299663602006
W18037,gru,global,25.477490470467032,27.730201653199487,116.6010534022632
W18038,lightgbm,global,101.37733598277734,131.3567936599128,9.153357502768202
W18038,random_forest,global,119.70871502131645,154.36564608480438,10.773602624037329
W18038,mlp,global,85.70786184681205,101.4160608796184,8.329448015441624
W18038,transformer,global,94.31978318881639,120.61588560188719,8.90226483202226
W18038,lstm,global,72.91859410771521,91.99113308137557,6.982981127544574
W18038,gru,global,85.34663410564045,107.4384428876493,8.074756104842304
W18039,lightgbm,global,4.828397545372003,5.384060300469535,12.961577410766361
W18039,random_forest,global,2.659005973129257,3.203058330351144,7.35175710792512
W18039,mlp,global,22.70218167639652,23.0936883533239,48.88077450452677
W18039,transformer,global,22.344242822444482,25.947946024290324,98.89282078238111
W18039,lstm,global,14.944828275240386,16.77123833979558,33.57536774248899
W18039,gru,global,15.555158900669644,17.363446508156766,59.06937884983624
W18040,lightgbm,global,101.62257974999866,131.37756724699997,9.179631831594284
W18040,random_forest,global,119.80027598692186,154.37956837591491,10.783797443439195
W18040,mlp,global,82.99449570205185,98.71730570018302,8.062993885381571
W18040,transformer,global,106.49798092125972,132.90140970018996,10.37511316627707
W18040,lstm,global,88.62238653273809,108.00608670029007,8.494186499268874
W18040,gru,global,79.90916001316393,99.3010224900003,7.667458062601109
W18041,lightgbm,global,4.818806051628134,5.382181827154163,12.948964104733633
W18041,random_forest,global,2.6618508665045804,3.207835224451517,7.361303200618657
W18041,mlp,global,17.133704049693797,17.77405641197798,39.15679309899664
W18041,transformer,global,19.48183146248283,22.393470975706144,85.74538278873432
W18041,lstm,global,9.98725318008814,12.422859195222582,28.66343091157148
W18041,gru,global,24.23502343392285,26.261130643937502,108.32448653195063
W18042,lightgbm,global,99.01610014459558,127.29097142744573,9.049683862285445
W18042,random_forest,global,124.21222522143417,156.75435661147944,11.163607421623007
W18042,mlp,global,72.04920189267114,89.55926162573442,7.001957895884398
W18042,transformer,global,99.10769941728194,122.86741017186164,9.54872830301662
W18042,lstm,global,78.8574217855712,95.87410148686573,7.702846801545003
W18042,gru,global,77.59315350990155,97.85275823390378,7.468542495523289
W18043,lightgbm,global,4.3929893648170655,4.993748737799108,11.92815184231752
W18043,random_forest,global,2.421481310321722,3.021280062064103,6.7572493891652226
W18043,mlp,global,10.040597025419242,11.378053160718144,24.76997427068869
W18043,transformer,global,22.279445370092144,25.742512304332063,95.15901630314555
W18043,lstm,global,22.41935861896892,23.99402182514869,46.85013189897041
W18043,gru,global,13.28049530212626,16.015383516169265,49.0160223512425
W18046,lightgbm,global,6.608226791426702,8.42574689165733,14.966323268550578
W18046,random_forest,global,6.511979552761732,8.21207872633516,14.928483460720662
W18046,mlp,global,12.8177488445799,15.03256489786951,26.62693869836812
W18046,transformer,global,34.648458895840484,36.09078359893469,134.7373208428724
W18046,lstm,global,11.069752452137706,13.98960911770693,29.47558406640793
W18046,gru,global,22.1283940912603,24.339323478869282,77.44620125865774
W18086,lightgbm,global,3.735771047616815,3.9144077007009344,47.73008638090106
W18086,random_forest,global,0.8850617214990365,1.1101288282109838,13.980822670601134
W18086,mlp,global,17.093626440697978,17.695925180799964,114.93731082329639
W18086,transformer,global,26.244228703425485,29.998456881396216,176.88636862764037
W18086,lstm,global,16.95462673760159,18.719033468644522,123.38878111156528
W18086,gru,global,15.788665494255095,18.788817236027405,142.05903053633722
W18087,lightgbm,global,3.6881299270932835,3.9129053875666933,46.68747153075498
W18087,random_forest,global,0.9919078319894827,1.2290603840549426,15.210250780751604
W18087,mlp,global,18.668967884329213,19.09452877524017,119.27060506699175
W18087,transformer,global,25.225220142406425,27.486485800716014,160.17120742216153
W18087,lstm,global,12.315615654690362,13.991847093745244,117.55326021653211
W18087,gru,global,14.775913443652701,17.190226038158784,137.09945416417597
W18088,lightgbm,global,3.6594058026982075,3.888082544259561,45.87269168644243
W18088,random_forest,global,0.9996659853278033,1.2307092862493185,15.22298518203832
W18088,mlp,global,9.40779030824319,10.84180048156548,79.78135273003011
W18088,transformer,global,20.274818705464458,23.228139156628597,146.49620933069315
W18088,lstm,global,14.70811753716661,15.8134083320581,119.75064492752804
W18088,gru,global,17.624924499735293,19.816471027383184,158.41078571665338
W18089,lightgbm,global,3.7387372577975513,3.917034961627715,47.620655046091365
W18089,random_forest,global,0.8790852055339782,1.106752636969572,13.849071794985061
W18089,mlp,global,30.59925492394975,30.76169332941593,142.93696433927906
W18089,transformer,global,28.2488612762563,31.74823713870784,185.16721480363177
W18089,lstm,global,15.634084056812327,18.804162481815816,111.50939477455574
W18089,gru,global,9.814541096110919,11.063039729063002,96.12019833432406
W18090,lightgbm,global,3.679559423310443,3.8779042612693644,46.86418864812999
W18090,random_forest,global,0.9631547431937661,1.2010132686890211,15.080405674684496
W18090,mlp,global,32.3282881673177,32.61329488471661,144.47119774502025
W18090,transformer,global,23.362103110512532,26.20542290333023,175.32740491172962
W18090,lstm,global,14.438765337039262,15.817765742467946,127.00011500548071
W18090,gru,global,20.07791466793298,22.897968630468416,163.5252932019447
W18091,lightgbm,global,3.7048989944448807,3.9017837196455276,46.994047462701886
W18091,random_forest,global,0.945967080383548,1.1748226874453152,14.861173419317222
W18091,mlp,global,27.60421318752862,27.904391973662797,137.7590161720165
W18091,transformer,global,18.8878665015811,21.285046997454977,140.30916230869585
W18091,lstm,global,14.44301758259644,16.271314683828084,100.12985210348499
W18091,gru,global,22.77559631124084,24.007549831523555,161.46024640726188
W18092,lightgbm,global,3.4425595800958417,3.662896202691716,42.583883525394675
W18092,random_forest,global,0.984787452814874,1.1942580559306992,14.682637087321472
W18092,mlp,global,26.88876672318567,27.334193426554076,133.68929055871064
W18092,transformer,global,30.743270643744278,33.3200344981173,191.72358493896635
W18092,lstm,global,7.010259951636906,8.129377095621615,90.083207442146
W18092,gru,global,18.615055656013908,20.738721808871208,140.3422402664844
W18093,lightgbm,global,56.947390989456245,70.67319237956879,8.04757737161492
W18093,random_forest,global,77.85273170015724,94.10996100114558,10.877830703171485
W18093,mlp,global,82.61491207360349,108.43749312547322,12.011492711857414
W18093,transformer,global,88.62264442304115,105.9977593119905,12.890998163170389
W18093,lstm,global,69.27862289484605,85.87053787867508,9.832760209135603
W18093,gru,global,66.74754111041952,82.66347781864337,9.37042821599933
W18094,lightgbm,global,36.81099392859379,44.696103207772566,6.247023315515188
W18094,random_forest,global,44.232449495252546,53.61802761934861,7.291735941871143
W18094,mlp,global,50.72261014945341,66.77212200614038,8.959984556234737
W18094,transformer,global,52.68123629503634,64.50560836155259,9.198074587520887
W18094,lstm,global,41.782567800444994,51.34518728438595,7.158139026388329
W18094,gru,global,46.344122783954326,59.055376339628026,8.127285061680045
W18095,lightgbm,global,3.546137176236283,3.789525911296825,45.02389934139709
W18095,random_forest,global,1.0261150457266626,1.2746668381031754,15.693020820076304
W18095,mlp,global,17.92608716804029,18.66990680261069,115.33045582756934
W18095,transformer,global,18.563417754120877,21.460847580115864,161.60808601001148
W18095,lstm,global,12.551718459356398,15.400951546640083,109.76297766866927
W18095,gru,global,15.62887181991186,16.930585454891702,116.52147045590826
W18096,lightgbm,global,3.563795399409199,3.797698274454954,45.16626106183533
W18096,random_forest,global,1.0019373154225486,1.239264224189296,15.245126233141011
W18096,mlp,global,34.493751108917124,35.081841004055136,145.6306216731873
W18096,transformer,global,21.158260091145834,23.679277472512425,176.18828132930085
W18096,lstm,global,12.641461427569826,14.694325954976401,92.32830595876226
W18096,gru,global,12.660030700907166,14.398975045079293,157.2825603523172
W18104,lightgbm,global,3.1762359579696393,3.400857624205944,40.412874872280085
W18104,random_forest,global,0.9795769831053447,1.2091121901122888,14.527321951370705
W18104,mlp,global,44.99801832932692,45.240471653777476,154.91318978424223
W18104,transformer,global,16.615316001137533,18.836025992951907,161.5675790414761
W18104,lstm,global,10.273525444282281,11.850370136783686,108.40398611414146
W18104,gru,global,13.271544296767683,14.859824547407007,159.76092136928528
